65285,65285,21.3,0,0.027506249999999996,0.000160270267062717,0,20310,0,50,0,-0.0003192159864637587,8248,217,0,-0.29034000000000004,0,0,0,0.3,5088,0,11480,0,50,0,0,0,0,true,0,0,0
65285,65285,21.3,0,-0.027506249999999996,0.000054306454128689235,0,20310,0,50,0,-0.0007801585727267795,8248,217,0,-0.29034000000000004,0,0,0,0.3,5088,0,11480,0,50,0,0,0,0,true,0,0,0
65285,65285,21.3,0,0.027506249999999996,0.000385443369547526,0,20310,0,50,0,-0.00048610899183485244,8248,217,0,-0.29034000000000004,0,0,0,0.3,5088,0,11480,0,50,0,0,0,0,true,0,0,0
65285,65285,21.3,0,-0.027506249999999996,0.00047153896755642357,0,20310,0,50,0,-0.0002331203884548611,8248,217,0,-0.29034000000000004,0,0,0,0.3,5088,0,11480,0,50,0,0,0,0,true,0,0,0
65285,65285,21.3,0,0.027506249999999996,0.000017219119601779512,0,20310,0,50,0,-0.00005165735880533854,8248,217,0,-0.29034000000000004,0,0,0,0.3,5088,0,11480,0,50,0,0,0,0,true,0,0,0
65285,65285,21.3,0,-0.027506249999999996,0.0006503529018825955,0,20310,0,50,0,-0.0007232030232747395,8248,217,0,0.29034000000000004,0,0,0,0.3,5088,0,11480,0,50,0,0,0,0,true,0,0,0
65285,65285,21.3,0,0.027506249999999996,-0.0008914205763075086,0,20310,0,50,0,0.001529852549235026,8248,217,0,-0.29034000000000004,0,0,0,0.3,5088,0,11480,0,50,0,0,0,0,true,0,0,0
65285,65285,21.3,0,-0.027506249999999996,-0.0017126401265462239,0,20310,0,50,0,-0.0006861156887478299,8248,217,0,-0.29034000000000004,0,0,0,0.3,5088,0,11480,0,50,0,0,0,0,true,0,0,0
65285,65285,21.3,0,0.027506249999999996,0.0003642506069607205,0,20310,0,50,0,-0.0006450547112358941,8248,217,0,-0.29034000000000004,0,0,0,0.3,5088,0,11480,0,50,0,0,0,0,true,0,0,0
65285,65285,21.3,0,-0.027506249999999996,0.0002384185791015625,0,20310,0,50,0,0.00141196780734592,8248,217,0,-0.29034000000000004,0,0,0,0.3,5088,0,11480,0,50,0,0,0,0,true,0,0,0
65285,65285,21.3,0,-0.027506249999999996,0.0005139244927300347,0,20310,0,50,0,-0.0004993544684516059,8248,217,0,-0.29034000000000004,0,0,0,0.3,5088,0,11480,0,50,0,0,0,0,true,0,0,0
65285,65285,21.3,0,0,-0.00029537412855360244,0,20310,0,50,0,-0.00008874469333224827,8248,217,0,-0.29034000000000004,0,0,0,0.3,5088,0,11480,0,50,0,0,0,0,true,0,0,0
65285,65285,21.3,0,-0.027506249999999996,-0.0018040339152018228,0,20310,0,50,0,-0.0004516707526312934,8248,217,0,-0.29034000000000004,0,0,0,0.3,5088,0,11480,0,50,0,0,0,0,true,0,0,0
65285,65285,21.3,0,0.027506249999999996,-0.0005735291375054254,0,20310,0,50,0,-0.0012040138244628906,8248,217,0,0.29034000000000004,0,0,0,0.3,5088,0,11480,0,50,0,0,0,0,true,0,0,0
65285,65285,21.3,0,-0.027506249999999996,-0.000059604644775390625,0,20310,0,50,0,0.00034438239203559025,8248,217,0,0.29034000000000004,0,0,0,0.3,5088,0,11480,0,50,0,0,0,0,true,0,0,0
65285,65285,21.3,0,0.027506249999999996,0.0005245208740234375,0,20310,0,50,0,0.00021457672119140625,8248,217,0,0.29034000000000004,0,0,0,0.3,5088,0,11480,0,50,0,0,0,0,true,0,0,0
65285,65285,21.3,0,0,0.0005907482571072049,0,20310,0,50,0,-0.0004265043470594618,8248,217,0,0,0,0,0,0.3,5088,0,11480,0,50,0,0,0,0,true,0,0,0
65285,65285,21.3,0,-0.027506249999999996,0.000095367431640625,0,20310,0,50,0,0.0003668997022840712,8248,217,0,0.29034000000000004,0,0,0,0.3,5088,0,11480,0,50,0,0,0,0,true,0,0,0
65285,65285,21.3,0,-0.027506249999999996,0.0005576345655653211,0,20310,0,50,0,0.0007192293802897135,8248,217,0,0.29034000000000004,0,0,0,0.3,5088,0,11480,0,50,0,0,0,0,true,0,0,0
65285,65285,21.3,0,0.027506249999999996,-0.0005682309468587239,0,20310,0,50,0,0.00010993745591905381,8248,217,0,-0.29034000000000004,0,0,0,0.3,5088,0,11480,0,50,0,0,0,0,true,0,0,0
65285,65285,21.3,0,-0.027506249999999996,0.0021219253540039062,0,20310,0,50,0,0.00038014517890082463,8248,217,0,0,0,0,0,0.3,5088,0,11480,0,50,0,0,0,0,true,0,0,0
65285,65285,21.3,0,0.027506249999999996,-0.00027683046129014756,0,20310,0,50,0,-0.0009112887912326389,8248,217,0,-0.29034000000000004,0,0,0,0.3,5088,0,11480,0,50,0,0,0,0,true,0,0,0
65285,65285,21.3,0,-0.027506249999999996,0.0005337927076551649,0,20310,0,50,0,0.0014861424763997395,8248,217,0,0.29034000000000004,0,0,0,0.3,5088,0,11480,0,50,0,0,0,0,true,0,0,0
65285,65285,21.3,0,0.027506249999999996,0.0015457471211751301,0,20310,0,50,0,0.0005602836608886719,8248,217,0,0.29034000000000004,0,0,0,0.3,5088,0,11480,0,50,0,0,0,0,true,0,0,0
65285,65285,21.3,0,0.027506249999999996,-0.000667572021484375,0,20310,0,50,0,-0.00016954210069444444,8248,217,0,-0.29034000000000004,0,0,0,0.3,5088,0,11480,0,50,0,0,0,0,true,0,0,0
65285,65285,21.3,0,-0.027506249999999996,-0.00035895241631401907,0,20310,0,50,0,-0.0015841590033637153,8248,217,0,-0.29034000000000004,0,0,0,0.3,5088,0,11480,0,50,0,0,0,0,true,0,0,0
65285,65285,21.3,0,-0.027506249999999996,0.000045034620496961805,0,20310,0,50,0,0.0004649162292480469,8248,217,0,-0.29034000000000004,0,0,0,0.3,5088,0,11480,0,50,0,0,0,0,true,0,0,0
65285,65285,21.3,0,0,0.00026623407999674476,0,20310,0,50,0,-0.0008344650268554688,8248,217,0,0.29034000000000004,0,0,0,0.3,5088,0,11480,0,50,0,0,0,0,true,0,0,0
65285,65285,21.3,0,0.027506249999999996,-0.0001933839586046007,0,20310,0,50,0,0.0002410676744249132,8248,217,0,0.29034000000000004,0,0,0,0.3,5088,0,11480,0,50,0,0,0,0,true,0,0,0
65285,65285,21.3,0,-0.027506249999999996,-0.00012185838487413194,0,20310,0,50,0,-0.0002715322706434462,8248,217,0,0.29034000000000004,0,0,0,0.3,5088,0,11480,0,50,0,0,0,0,true,0,0,0
65285,65285,21.3,0,-0.027506249999999996,-0.0008596314324273003,0,20310,0,50,0,-0.0003337860107421875,8248,217,0,-0.29034000000000004,0,0,0,0.3,5088,0,11480,0,50,0,0,0,0,true,0,0,0
65285,65285,21.3,0,0.027506249999999996,0.00008742014567057291,0,20310,0,50,0,0.0009655952453613281,8248,217,0,-0.29034000000000004,0,0,0,0.3,5088,0,11480,0,50,0,0,0,0,true,0,0,0
65285,65285,21.3,0,-0.027506249999999996,0.0008357895745171441,0,20310,0,50,0,0.0004794862535264757,8248,217,0,0.29034000000000004,0,0,0,0.3,5088,0,11480,0,50,0,0,0,0,true,0,0,0
65285,65285,21.3,0,0.027506249999999996,-0.0012675921122233071,0,20310,0,50,0,0.00011391109890407986,8248,217,0,-0.29034000000000004,0,0,0,0.3,5088,0,11480,0,50,0,0,0,0,true,0,0,0
65285,65285,21.3,0,0,-0.0006424056159125434,0,20310,0,50,0,-0.0003841188218858507,8248,217,0,0.29034000000000004,0,0,0,0.3,5088,0,11480,0,50,0,0,0,0,true,0,0,0
65285,65285,21.3,0,-0.027506249999999996,-0.00016954210069444444,0,20310,0,50,0,-0.00010728836059570312,8256,217,0,0.29034000000000004,0,0,0,0.3,5088,0,11480,0,50,0,0,0,0,true,0,0,0
65285,65285,21.3,0,-0.027506249999999996,-0.00026490953233506944,0,20310,0,50,0,-0.00007947285970052083,8248,217,0,0.29034000000000004,0,0,0,0.3,5088,0,11480,0,50,0,0,0,0,true,0,0,0
65285,65285,21.3,0,-0.027506249999999996,-0.000480810801188151,0,20310,0,50,0,-0.0009086396959092881,8248,217,0,-0.29034000000000004,0,0,0,0.3,5088,0,11480,0,50,0,0,0,0,true,0,0,0
65285,65285,21.3,0,-0.027506249999999996,0.0009377797444661458,0,20310,0,50,0,-0.00029537412855360244,8248,217,0,-0.29034000000000004,0,0,0,0.3,5088,0,11480,0,50,0,0,0,0,true,0,0,0
65285,65285,21.3,0,-0.027506249999999996,0.0002874268425835503,0,20310,0,50,0,-0.0008371141221788194,8248,217,0,0,0,0,0,0.3,5088,0,11480,0,50,0,0,0,0,true,0,0,0
65285,65285,21.3,0,0,0.0007602903578016493,0,20310,0,50,0,0.0008861223856608073,8248,217,0,0.29034000000000004,0,0,0,0.3,5088,0,11480,0,50,0,0,0,0,true,0,0,0
65285,65285,21.3,0,0,-0.0009112887912326389,0,20310,0,50,0,0.0008477105034722222,8248,217,0,0.29034000000000004,0,0,0,0.3,5088,0,11480,0,50,0,0,0,0,true,0,0,0
65285,65285,21.3,0,0.027506249999999996,0.0013854768541124132,0,20310,0,50,0,-0.00029272503323025175,8248,217,0,-0.29034000000000004,0,0,0,0.3,5088,0,11480,0,50,0,0,0,0,true,0,0,0
65285,65285,21.3,0,0,-0.0003536542256673177,0,20310,0,50,0,0.0005165735880533854,8248,217,0,0.29034000000000004,0,0,0,0.3,5088,0,11480,0,50,0,0,0,0,true,0,0,0
65285,65285,21.3,0,0.027506249999999996,0.0004967053731282552,0,20310,0,50,0,-0.0004318025377061632,8248,217,0,-0.29034000000000004,0,0,0,0.3,5088,0,11480,0,50,0,0,0,0,true,0,0,0
65285,65285,21.3,0,0,0.0003033214145236545,0,20310,0,50,0,0.0009245342678493924,8256,217,0,-0.29034000000000004,0,0,0,0.3,5088,0,11480,0,50,0,0,0,0,true,0,0,0
65285,65285,21.3,0,0.027506249999999996,-0.0003033214145236545,0,20310,0,50,0,0.00026490953233506944,8248,217,0,0.29034000000000004,0,0,0,0.3,5088,0,11480,0,50,0,0,0,0,true,0,0,0
65285,65285,21.3,0,0,0.00005563100179036458,0,20310,0,50,0,-0.00010728836059570312,8248,217,0,-0.29034000000000004,0,0,0,0.3,5088,0,11480,0,50,0,0,0,0,true,0,0,0
65285,65285,21.3,0,0,0.0000675519307454427,0,20310,0,50,0,-0.0005642573038736979,8256,217,0,0,0,0,0,0.3,5088,0,11480,0,50,0,0,0,0,true,0,0,0
65285,65285,21.3,0,0,-0.0005139244927300347,0,20310,0,50,0,0.000059604644775390625,8248,217,0,-0.29034000000000004,0,0,0,0.3,5088,0,11480,0,50,0,0,0,0,true,0,0,0
65285,65285,21.3,0,0.027506249999999996,0.00014967388576931422,0,20310,0,50,0,-0.0002582867940266927,8248,217,0,-0.29034000000000004,0,0,0,0.3,5088,0,11480,0,50,0,0,0,0,true,0,0,0
65285,65285,21.3,0,0.027506249999999996,-0.0013682577345106336,0,20310,0,50,0,-0.0002728568183051215,8248,217,0,0.29034000000000004,0,0,0,0.3,5088,0,11480,0,50,0,0,0,0,true,0,0,0
65285,65285,21.3,0,0.027506249999999996,-0.001568264431423611,0,20310,0,50,0,-0.0011232164171006945,8248,217,0,-0.29034000000000004,0,0,0,0.3,5088,0,11480,0,50,0,0,0,0,true,0,0,0
65285,65285,21.3,0,0.027506249999999996,-0.0002132521735297309,0,20310,0,50,0,0.0005629327562120225,8248,217,0,-0.29034000000000004,0,0,0,0.3,5088,0,11480,0,50,0,0,0,0,true,0,0,0
65285,65285,21.3,0,-0.027506249999999996,0.00040531158447265625,0,20310,0,50,0,-0.0011324882507324219,8248,217,0,-0.29034000000000004,0,0,0,0.3,5088,0,11480,0,50,0,0,0,0,true,0,0,0
65285,65285,21.3,0,-0.027506249999999996,-0.000507301754421658,0,20310,0,50,0,0.00001854366726345486,8248,217,0,0.29034000000000004,0,0,0,0.3,5088,0,11480,0,50,0,0,0,0,true,0,0,0
65285,65285,21.3,0,0.027506249999999996,-0.0007748603820800781,0,20310,0,50,0,0.00018013848198784722,8256,217,0,-0.29034000000000004,0,0,0,0.3,5088,0,11480,0,50,0,0,0,0,true,0,0,0
65285,65285,21.3,0,-0.027506249999999996,-0.00016159481472439235,0,20310,0,50,0,-0.0005178981357150608,8248,217,0,-0.29034000000000004,0,0,0,0.3,5088,0,11480,0,50,0,0,0,0,true,0,0,0
65285,65285,21.3,0,0,0.0013298458523220485,0,20310,0,50,0,0.00028212865193684894,8248,217,0,-0.29034000000000004,0,0,0,0.3,5088,0,11480,0,50,0,0,0,0,true,0,0,0
65285,65285,21.3,0,-0.027506249999999996,0.00003178914388020833,0,20310,0,50,0,-0.0005298190646701389,8248,217,0,0.29034000000000004,0,0,0,0.3,5088,0,11480,0,50,0,0,0,0,true,0,0,0
65285,65285,21.3,0,0.027506249999999996,0.0006503529018825955,0,20310,0,50,0,-0.0002688831753200955,8248,217,0,0.29034000000000004,0,0,0,0.3,5088,0,11480,0,50,0,0,0,0,true,0,0,0
65285,65285,21.3,0,0.027506249999999996,0.00024901496039496525,0,20310,0,50,0,0.0010887781778971353,8256,217,0,0,0,0,0,0.3,5088,0,11480,0,50,0,0,0,0,true,0,0,0
65285,65285,21.3,0,-0.027506249999999996,0.0010212262471516926,0,20310,0,50,0,0.00007549921671549478,8248,217,0,-0.29034000000000004,0,0,0,0.3,5088,0,11480,0,50,0,0,0,0,true,0,0,0
65285,65285,21.3,0,0.027506249999999996,-0.0011152691311306423,0,20310,0,50,0,-0.0002106030782063802,8248,217,0,-0.29034000000000004,0,0,0,0.3,5088,0,11480,0,50,0,0,0,0,true,0,0,0
65285,65285,21.3,0,-0.027506249999999996,-0.0004476971096462673,0,20310,0,50,0,-0.000702010260687934,8248,217,0,0,0,0,0,0.3,5088,0,11480,0,50,0,0,0,0,true,0,0,0
65285,65285,21.3,0,-0.027506249999999996,0.00005695554945203993,0,20310,0,50,0,0.00039736429850260413,8248,213,0,0.29034000000000004,0,0,0,0.3,5088,0,11480,0,50,0,0,0,0,true,0,0,0
65285,65285,21.3,0,0.027506249999999996,0.0009788407219780816,0,20310,0,50,0,0.00015099843343098957,8248,217,0,-0.29034000000000004,0,0,0,0.3,5088,0,11480,0,50,0,0,0,0,true,0,0,0
65285,65285,21.3,0,-0.027506249999999996,0.0005311436123318142,0,20310,0,50,0,-0.001457002427842882,8248,217,0,-0.29034000000000004,0,0,0,0.3,5088,0,11480,0,50,0,0,0,0,true,0,0,0
65285,65285,21.3,0,-0.027506249999999996,-0.00018013848198784722,0,20310,0,50,0,0.000045034620496961805,8248,217,0,0.29034000000000004,0,0,0,0.3,5088,0,11480,0,50,0,0,0,0,true,0,0,0
65285,65285,21.3,0,0,-0.0004039870368109809,0,20310,0,50,0,0.0012265311347113715,8248,217,0,-0.29034000000000004,0,0,0,0.3,5088,0,11480,0,50,0,0,0,0,true,0,0,0
65285,65285,21.3,0,-0.027506249999999996,-0.0001761648390028212,0,20310,0,50,0,-0.0009298324584960938,8248,217,0,-0.29034000000000004,0,0,0,0.3,5088,0,11480,0,50,0,0,0,0,true,0,0,0
65285,65285,21.3,0,-0.027506249999999996,-0.00008477105034722222,0,20310,0,50,0,0.0008543332417805989,8256,217,0,0.29034000000000004,0,0,0,0.3,5088,0,11480,0,50,0,0,0,0,true,0,0,0
65285,65285,21.3,0,0.027506249999999996,0.00019735760158962672,0,20310,0,50,0,-0.000021192762586805555,8248,217,0,-0.29034000000000004,0,0,0,0.3,5088,0,11480,0,50,0,0,0,0,true,0,0,0
65285,65285,21.3,0,-0.027506249999999996,-0.001846419440375434,0,20310,0,50,0,0.000411934322781033,8248,217,0,0.29034000000000004,0,0,0,0.3,5088,0,11480,0,50,0,0,0,0,true,0,0,0
65285,65285,21.3,0,-0.027506249999999996,0.0004039870368109809,0,20310,0,50,0,-0.0018053584628634981,8248,217,0,-0.29034000000000004,0,0,0,0.3,5088,0,11480,0,50,0,0,0,0,true,0,0,0
65285,65285,21.3,0,-0.027506249999999996,-0.00020000669691297744,0,20310,0,50,0,-0.0001854366726345486,8248,217,0,-0.29034000000000004,0,0,0,0.3,5088,0,11480,0,50,0,0,0,0,true,0,0,0
65285,65285,21.3,0,0,0.0008503595987955729,0,20310,0,50,0,-0.00005298190646701389,8256,217,0,-0.29034000000000004,0,0,0,0.3,5088,0,11480,0,50,0,0,0,0,true,0,0,0
65285,65285,21.3,0,-0.027506249999999996,0.00141196780734592,0,20310,0,50,0,-0.0008861223856608073,8248,217,0,-0.29034000000000004,0,0,0,0.3,5088,0,11480,0,50,0,0,0,0,true,0,0,0
65285,65285,21.3,0,0.027506249999999996,-0.0002529886033799913,0,20310,0,50,0,-0.0009192360772026909,8248,217,0,0.29034000000000004,0,0,0,0.3,5088,0,11480,0,50,0,0,0,0,true,0,0,0
65285,65285,21.3,0,-0.027506249999999996,0.00008477105034722222,0,20310,0,50,0,0.00003841188218858507,8248,217,0,0.29034000000000004,0,0,0,0.3,5088,0,11480,0,50,0,0,0,0,true,0,0,0
65285,65285,21.3,0,0,-0.0007152557373046875,0,20310,0,50,0,0.0012887848748101129,8248,217,0,0.29034000000000004,0,0,0,0.3,5088,0,11480,0,50,0,0,0,0,true,0,0,0
65285,65285,21.3,0,-0.027506249999999996,-0.0006092919243706597,0,20310,0,50,0,-0.0004662407769097222,8248,217,0,-0.29034000000000004,0,0,0,0.3,5088,0,11480,0,50,0,0,0,0,true,0,0,0
65285,65285,21.3,0,-0.027506249999999996,0.0014146169026692708,0,20310,0,50,0,-0.001018577151828342,8248,217,0,0.29034000000000004,0,0,0,0.3,5088,0,11480,0,50,0,0,0,0,true,0,0,0
65285,65285,21.3,0,0,-0.000766913096110026,0,20310,0,50,0,-0.00022119945949978297,8248,217,0,-0.29034000000000004,0,0,0,0.3,5088,0,11480,0,50,0,0,0,0,true,0,0,0
65285,65285,21.3,0,0.027506249999999996,-0.0009391042921278211,0,20310,0,50,0,0.0005470381842719184,8248,217,0,-0.29034000000000004,0,0,0,0.3,5088,0,11480,0,50,0,0,0,0,true,0,0,0
65285,65285,21.3,0,-0.027506249999999996,-0.0006344583299424913,0,20310,0,50,0,-0.001992119683159722,8256,217,0,0.29034000000000004,0,0,0,0.3,5088,0,11480,0,50,0,0,0,0,true,0,0,0
65285,65285,21.3,0,-0.027506249999999996,0.0009563234117296006,0,20310,0,50,0,0.0005682309468587239,8248,217,0,-0.29034000000000004,0,0,0,0.3,5088,0,11480,0,50,0,0,0,0,true,0,0,0
65285,65285,21.3,0,0.027506249999999996,0.00007814831203884548,0,20310,0,50,0,0,8248,217,0,0.29034000000000004,0,0,0,0.3,5088,0,11480,0,50,0,0,0,0,true,0,0,0
65285,65285,21.3,0,-0.027506249999999996,0.0009404288397894965,0,20310,0,50,0,0.0007695621914333767,8248,217,0,0.29034000000000004,0,0,0,0.3,5088,0,11480,0,50,0,0,0,0,true,0,0,0
65285,65285,21.3,0,-0.027506249999999996,-0.0002755059136284722,0,20310,0,50,0,0.000095367431640625,8248,217,0,-0.29034000000000004,0,0,0,0.3,5088,0,11480,0,50,0,0,0,0,true,0,0,0
65285,65285,21.3,0,-0.027506249999999996,0.000580151875813802,0,20310,0,50,0,0.0005735291375054254,8248,217,0,-0.29034000000000004,0,0,0,0.3,5088,0,11480,0,50,0,0,0,0,true,0,0,0
65285,65285,21.3,0,0.027506249999999996,-0.0008159213595920139,0,20310,0,50,0,0.001811981201171875,8256,217,0,0.29034000000000004,0,0,0,0.3,5088,0,11480,0,50,0,0,0,0,true,0,0,0
65285,65285,0,0,-0.027506249999999996,-0.0003708733452690972,0,0,0,50,0,-0.0002304712931315104,8336,197,0,0.29034000000000004,0.00006395081679026285,0,20310,0.3,5088,0,11480,0,50,0,-0.000288089116414388,0,0,true,0,0,0
65285,65285,17.8,0,-0.027506249999999996,0.00021722581651475694,0,0,0,50,0,0.0007960531446668836,8344,197,0,-0.29034000000000004,0.00010120371977488199,0,20310,0.3,5088,0,11480,0,50,0,0.00028001765410105384,0,0,true,0,0,0
65285,65285,17.8,0,-0.027506249999999996,-0.000576178232828776,0,0,0,50,0,0.0014159414503309461,8344,197,0,0,-0.00006953875223795572,0,20310,0.3,5088,0,11480,0,50,0,0.00013597309589385986,0,0,true,0,0,0
65285,65285,17.8,0,-0.027506249999999996,0.0005602836608886719,0,0,0,50,0,0.0010781817966037325,8344,197,0,0.29034000000000004,0.000008071462313334147,0,20310,0.3,5088,0,11480,0,50,0,0.00011734664440155029,0,0,true,0,0,0
65285,65285,17.8,0,0.027506249999999996,0.00014702479044596353,0,0,0,50,0,0.00036027696397569444,8336,197,0,-0.29034000000000004,0.00012417634328206378,0,20310,0.3,5088,0,11480,0,50,0,-0.00020302832126617432,0,0,true,0,0,0
0,0,0,539,0.8801999999999999,0.0009139378865559895,159,0,0,50,0,0,8328,279,467,1.4517,-0.00022041300932566324,110,0,0.3,5088,0,11480,0,50,0,0,0,0,true,0,0,0
0,0,32.3,540,0.44009999999999994,0.0006967120700412326,159,0,0,50,0,0,8336,283,467,2.61306,0.0001533577839533488,111,0,0.3,5088,0,11480,0,50,0,0,0,0,true,0,0,0
0,0,0,542,0.30256874999999994,-0.00005165735880533854,159,0,0,50,0,0,8336,289,468,-8.7102,0.00017446776231129962,112,0,0.3,5088,0,11480,0,50,0,0,0,0,true,0,0,0
0,0,32.7,541,0.30256874999999994,-0.0006225374009874131,160,0,0,50,0,0,8336,286,468,-11.6136,0.000045324365297953286,113,0,0.3,5088,0,11480,0,50,0,0,0,0,true,0,0,0
0,0,33,541,0.19254374999999999,0.0006914138793945312,158,0,0,50,0,0,8336,289,469,-11.03292,0.00024835268656412757,111,0,0.3,5088,0,11480,0,50,0,0,0,0,true,0,0,0
0,0,33,540,0.6876562499999999,0.0010106298658582899,159,0,0,50,0,0,8336,289,468,-7.83918,-0.00019433597723642984,115,0,0.3,5088,0,11480,0,50,0,0,0,0,true,0,0,0
0,0,33,540,0.49511249999999996,-0.0003337860107421875,159,0,0,50,0,0,8328,289,468,-13.355640000000001,-0.0001968195041020711,113,0,0.3,5088,0,11480,0,50,0,0,0,0,true,0,0,0
0,0,33,542,0.22004999999999997,-0.0005960464477539062,158,0,0,50,0,0,8336,286,468,-6.968160000000001,0.000044082601865132645,115,0,0.3,5088,0,11480,0,50,0,0,0,0,true,0,0,0
0,0,33,539,0.5226187499999999,-0.0007483694288465711,157,0,0,50,0,0,8328,289,468,-13.355640000000001,0.00006705522537231445,113,0,0.3,5088,0,11480,0,50,0,0,0,0,true,0,0,0
0,0,33,540,0.38508749999999997,-0.00026358498467339407,158,0,0,50,0,0,8328,286,468,-12.194280000000003,0.0002502153317133585,113,0,0.3,5088,0,11480,0,50,0,0,0,0,true,0,0,0
0,0,33,540,0.19254374999999999,0.0011404355367024739,158,0,0,50,0,0,8336,289,468,-13.936320000000002,0.000005587935447692871,114,0,0.3,5088,0,11480,0,50,0,0,0,0,true,0,0,0
0,0,33,539,-0.22004999999999997,-0.00022914674546983506,159,0,0,50,0,0,8328,289,469,-12.77496,-0.0001930942138036092,111,0,0.3,5088,0,11480,0,50,0,0,0,0,true,0,0,0
0,0,33,541,0.19254374999999999,0.0012066629197862414,159,0,0,50,0,0,8336,289,468,-9.87156,0.0002489735682805379,115,0,0.3,5088,0,11480,0,50,0,0,0,0,true,0,0,0
0,0,33,540,-0.13753124999999997,-0.0002503395080566406,159,0,0,50,0,0,8336,289,469,-11.6136,0.000001862645149230957,114,0,0.3,5088,0,11480,0,50,0,0,0,0,true,0,0,0
0,0,33,542,0.4125937499999999,0.00042782889472113713,160,0,0,50,0,0,8328,289,469,-13.0653,-0.00017136335372924805,113,0,0.3,5088,0,11480,0,50,0,0,0,0,true,0,0,0
0,0,33,540,0.6601499999999999,-0.00015099843343098957,160,0,0,50,0,0,8328,289,469,-12.194280000000003,-0.0003178914388020833,115,0,0.3,5088,0,11480,0,50,0,0,0,0,true,0,0,0
0,0,33,541,0.24755624999999998,-0.0003563033209906684,159,0,0,50,0,0,8328,289,469,-15.388020000000001,0.0002818802992502848,112,0,0.3,5088,0,11480,0,50,0,0,0,0,true,0,0,0
0,0,33,540,0.33007499999999995,0.0012675921122233071,159,0,0,50,0,0,8336,289,470,-13.936320000000002,-0.000003725290298461914,113,0,0.3,5088,0,11480,0,50,0,0,0,0,true,0,0,0
0,0,33,539,-0.13753124999999997,0.0007801585727267795,160,0,0,50,0,0,8336,289,469,-10.45224,0.000016142924626668293,117,0,0.3,5088,0,11480,0,50,0,0,0,0,true,0,0,0
0,0,33,540,-0.027506249999999996,-0.001056989034016927,158,0,0,50,0,0,8328,289,468,-11.90394,-0.00013907750447591144,112,0,0.3,5088,0,11480,0,50,0,0,0,0,true,0,0,0
0,0,33,541,0.6601499999999999,-0.0011907683478461371,157,0,0,50,0,0,8328,289,469,-9.87156,0.0001043081283569336,114,0,0.3,5088,0,11480,0,50,0,0,0,0,true,0,0,0
0,0,33,542,0.24755624999999998,-0.0019007258945041231,159,0,0,50,0,0,8336,289,469,-13.355640000000001,0.00009499490261077881,116,0,0.3,5088,0,11480,0,50,0,0,0,0,true,0,0,0
0,0,33,539,-0.08251874999999999,-0.0018715858459472656,159,0,0,50,0,0,8336,289,470,-15.67836,0.00023717681566874185,113,0,0.3,5088,0,11480,0,50,0,0,0,0,true,0,0,0
0,0,33,541,0.27506249999999993,-0.0005814764234754774,159,0,0,50,0,0,8328,289,469,-16.259040000000002,0.00006953875223795572,114,0,0.3,5088,0,11480,0,50,0,0,0,0,true,0,0,0
0,0,33,540,0.19254374999999999,0.0009006924099392361,158,0,0,50,0,0,8328,289,470,-16.259040000000002,0.0005370626846949259,116,0,0.3,5088,0,11480,0,50,0,0,0,0,true,0,0,0
0,0,33,540,0.30256874999999994,0.00034968058268229163,159,0,0,50,0,0,8328,289,468,-12.77496,-0.0002098580201466878,112,0,0.3,5088,0,11480,0,50,0,0,0,0,true,0,0,0
0,0,33,541,0.46760625,0.0009377797444661458,160,0,0,50,0,0,8328,289,470,-16.259040000000002,-0.0002998858690261841,112,0,0.3,5088,0,11480,0,50,0,0,0,0,true,0,0,0
0,0,33,542,0.27506249999999993,0.0004821353488498264,161,0,0,50,0,0,8328,289,470,-17.4204,-0.000019247333208719887,113,0,0.3,5088,0,11480,0,50,0,0,0,0,true,0,0,0
0,0,33,540,0.33007499999999995,-0.0011444091796875,159,0,0,50,0,0,8328,289,470,-15.67836,0.0001179675261179606,115,0,0.3,5088,0,11480,0,50,0,0,0,0,true,0,0,0
0,0,33,541,0.3575812499999999,-0.0007655885484483506,159,0,0,50,0,0,8336,289,470,-15.388020000000001,0.00011983017126719156,115,0,0.3,5088,0,11480,0,50,0,0,0,0,true,0,0,0
0,0,33,541,0.3575812499999999,0.0014358096652560763,158,0,0,50,0,0,8328,289,469,-18.8721,0.0003296881914138794,115,0,0.3,5088,0,11480,0,50,0,0,0,0,true,0,0,0
0,0,33,541,0.11002499999999998,0.000286102294921875,158,0,0,50,0,0,8336,289,470,-13.936320000000002,-0.000012417634328206379,112,0,0.3,5088,0,11480,0,50,0,0,0,0,true,0,0,0
0,0,33,539,0.19254374999999999,-0.00010066562228732639,158,0,0,50,0,0,8328,289,470,-14.226660000000003,-0.00012852251529693604,114,0,0.3,5088,0,11480,0,50,0,0,0,0,true,0,0,0
0,0,33,540,-0.16503749999999998,0.00038809246487087675,158,0,0,50,0,0,8328,289,470,-15.388020000000001,0.0002086162567138672,115,0,0.3,5088,0,11480,0,50,0,0,0,0,true,0,0,0
0,0,33,539,0.05501249999999999,-0.00006490283542209202,161,0,0,50,0,0,8336,289,471,-18.00108,0.00009623666604359944,116,0,0.3,5088,0,11480,0,50,0,0,0,0,true,0,0,0
0,0,33,540,0.16503749999999998,-0.0004039870368109809,160,0,0,50,0,0,8328,289,470,-18.00108,0.00009872019290924072,115,0,0.3,5088,0,11480,0,50,0,0,0,0,true,0,0,0
0,0,33,541,0.30256874999999994,-0.00025166405571831594,159,0,0,50,0,0,8320,289,471,-18.581760000000003,0.0001695007085800171,115,0,0.3,5088,0,11480,0,50,0,0,0,0,true,0,0,0
0,0,33.4,541,0.19254374999999999,-0.0017470783657497829,159,0,0,50,0,0,8328,289,469,-17.13006,-0.00008443991343180338,114,0,0.3,5088,0,11480,0,50,0,0,0,0,true,0,0,0
0,0,33,540,0.24755624999999998,-0.002521938747829861,160,0,0,50,0,0,8336,289,470,-16.83972,-0.00009747842947642008,113,0,0.3,5088,0,11480,0,50,0,0,0,0,true,0,0,0
0,0,33,540,-0.27506249999999993,-0.0002304712931315104,160,0,0,50,0,0,8328,289,472,-19.74312,0.00021482507387797037,112,0,0.3,5088,0,11480,0,50,0,0,0,0,true,0,0,0
0,0,33.4,541,-0.027506249999999996,0.00005695554945203993,160,0,0,50,0,0,8336,289,471,-17.4204,0.00004221995671590169,111,0,0.3,5088,0,11480,0,50,0,0,0,0,true,0,0,0
0,0,33,539,0.16503749999999998,-0.0006900893317328559,158,0,0,50,0,0,8336,289,470,-19.45278,0.0003234793742497762,111,0,0.3,5088,0,11480,0,50,0,0,0,0,true,0,0,0
0,0,33,541,0.33007499999999995,-0.0017060173882378472,157,0,0,50,0,0,8336,289,470,-17.13006,-0.00010120371977488199,114,0,0.3,5088,0,11480,0,50,0,0,0,0,true,0,0,0
0,0,33.4,542,0.38508749999999997,0.00016954210069444444,157,0,0,50,0,0,8336,289,470,-19.16244,-0.00009996195634206136,116,0,0.3,5088,0,11480,0,50,0,0,0,0,true,0,0,0
0,0,33.4,540,0.19254374999999999,-0.00013377931382921006,158,0,0,50,0,0,8328,289,471,-18.8721,0.00022848447163899738,116,0,0.3,5088,0,11480,0,50,0,0,0,0,true,0,0,0
0,0,33.4,540,0.19254374999999999,-0.00022252400716145832,158,0,0,50,0,0,8336,289,471,-21.7755,-0.0000850607951482137,115,0,0.3,5088,0,11480,0,50,0,0,0,0,true,0,0,0
0,0,33.4,540,0.027506249999999996,-0.0009549988640679253,158,0,0,50,0,0,8336,289,470,-18.8721,-0.00021606683731079102,113,0,0.3,5088,0,11480,0,50,0,0,0,0,true,0,0,0
0,0,33.4,541,-0.05501249999999999,0.0006265110439724392,159,0,0,50,0,0,8320,289,470,-21.19482,-0.00012914339701334635,113,0,0.3,5088,0,11480,0,50,0,0,0,0,true,0,0,0
0,0,33.4,540,0.05501249999999999,0.0003337860107421875,160,0,0,50,0,0,8336,289,471,-21.48516,-0.0003961225350697835,112,0,0.3,5088,0,11480,0,50,0,0,0,0,true,0,0,0
0,0,33.4,541,0.5776312499999999,0.0012675921122233071,162,0,0,50,0,0,8336,289,472,-17.13006,0.00018564363320668537,113,0,0.3,5088,0,11480,0,50,0,0,0,0,true,0,0,0
0,0,33.4,540,0.08251874999999999,0.000476837158203125,158,0,0,50,0,0,8328,289,471,-20.323800000000002,0.00032285849253336585,114,0,0.3,5088,0,11480,0,50,0,0,0,0,true,0,0,0
0,0,33.4,540,0.16503749999999998,-0.000602669186062283,159,0,0,50,0,0,8336,289,472,-20.323800000000002,0.000006829698880513509,113,0,0.3,5088,0,11480,0,50,0,0,0,0,true,0,0,0
0,0,33.4,539,0.24755624999999998,0.0005404154459635416,159,0,0,50,0,0,8328,289,470,-18.581760000000003,-0.0001210719347000122,113,0,0.3,5088,0,11480,0,50,0,0,0,0,true,0,0,0
0,0,33.4,540,-0.05501249999999999,0.0013205740186903211,158,0,0,50,0,0,8328,289,472,-19.45278,-0.0002843638261159261,113,0,0.3,5088,0,11480,0,50,0,0,0,0,true,0,0,0
0,0,33.4,540,0.19254374999999999,-0.0008344650268554688,157,0,0,50,0,0,8328,289,471,-20.61414,0.000039736429850260414,114,0,0.3,5088,0,11480,0,50,0,0,0,0,true,0,0,0
0,0,33.4,540,0.4125937499999999,-0.0009655952453613281,157,0,0,50,0,0,8320,289,471,-24.6789,0.00004035731156667073,114,0,0.3,5088,0,11480,0,50,0,0,0,0,true,0,0,0
0,0,33.4,540,-0.19254374999999999,-0.0003761715359157986,159,0,0,50,0,0,8328,289,471,-21.19482,-0.0001825392246246338,113,0,0.3,5088,0,11480,0,50,0,0,0,0,true,0,0,0
0,0,33.4,540,0.38508749999999997,-0.0006357828776041666,159,0,0,50,0,0,8328,289,472,-20.90448,0.00010617077350616455,113,0,0.3,5088,0,11480,0,50,0,0,0,0,true,0,0,0
0,0,33.4,541,0.16503749999999998,0.0005470381842719184,159,0,0,50,0,0,8328,289,472,-20.03346,-0.00004780789216359456,115,0,0.3,5088,0,11480,0,50,0,0,0,0,true,0,0,0
0,0,33.4,541,0.027506249999999996,0.00009934107462565103,161,0,0,50,0,0,8336,289,472,-24.969240000000003,-0.00005029141902923584,114,0,0.3,5088,0,11480,0,50,0,0,0,0,true,0,0,0
0,0,33.4,540,-0.027506249999999996,-0.0031020906236436632,160,0,0,50,0,0,8336,289,472,-22.356180000000002,0.0001179675261179606,116,0,0.3,5088,0,11480,0,50,0,0,0,0,true,0,0,0
0,0,33.4,540,0.22004999999999997,0.0005178981357150608,161,0,0,50,0,0,8336,293,472,-21.7755,0.00004035731156667073,117,0,0.3,5088,0,11480,0,50,0,0,0,0,true,0,0,0
0,0,33.4,541,0.05501249999999999,0.0011775228712293836,159,0,0,50,0,0,8328,289,471,-20.90448,0.00003042320410410563,114,0,0.3,5088,0,11480,0,50,0,0,0,0,true,0,0,0
0,0,33.4,541,0.27506249999999993,-0.00040266248914930556,160,0,0,50,0,0,8344,289,472,-22.06584,-0.00022786358992258707,114,0,0.3,5088,0,11480,0,50,0,0,0,0,true,0,0,0
0,0,33.4,540,-0.16503749999999998,-0.0008106231689453125,160,0,0,50,0,0,8336,289,473,-25.84026,0.00021792948246002197,113,0,0.3,5088,0,11480,0,50,0,0,0,0,true,0,0,0
0,0,33.4,540,0.5776312499999999,0.0001284811231825087,159,0,0,50,0,0,8336,289,473,-24.388560000000005,0.00019495685895284015,113,0,0.3,5088,0,11480,0,50,0,0,0,0,true,0,0,0
0,0,33.4,540,0.7701749999999999,-0.00015629662407769097,157,0,0,50,0,0,8336,293,473,-23.517540000000004,-0.000006829698880513509,117,0,0.3,5088,0,11480,0,50,0,0,0,0,true,0,0,0
0,0,33.4,541,0.7701749999999999,-0.0005390908983018663,158,0,0,50,0,0,8328,289,473,-25.84026,-0.00010244548320770264,116,0,0.3,5088,0,11480,0,50,0,0,0,0,true,0,0,0
0,0,33.4,540,0.05501249999999999,0.0002132521735297309,161,0,0,50,0,0,8336,293,474,-27.001620000000003,-0.0000391155481338501,116,0,0.3,5088,0,11480,0,50,0,0,0,0,true,0,0,0
0,0,33.4,541,0.16503749999999998,0.0009563234117296006,159,0,0,50,0,0,8336,289,473,-25.54992,-0.0002222756544748942,114,0,0.3,5088,0,11480,0,50,0,0,0,0,true,0,0,0
0,0,33.4,539,0.27506249999999993,0.0008556577894422743,159,0,0,50,0,0,8336,289,472,-23.80788,-0.0001049290100733439,117,0,0.3,5088,0,11480,0,50,0,0,0,0,true,0,0,0
0,0,33.4,540,0.13753124999999997,0.0004940562778049045,161,0,0,50,0,0,8328,289,472,-24.09822,-0.00004780789216359456,113,0,0.3,5088,0,11480,0,50,0,0,0,0,true,0,0,0
0,0,33.7,541,0.19254374999999999,-0.0013801786634657118,161,0,0,50,0,0,8336,289,474,-21.7755,0.00016391277313232422,114,0,0.3,5088,0,11480,0,50,0,0,0,0,true,0,0,0
0,0,33.4,540,0.7151624999999998,-0.000602669186062283,161,0,0,50,0,0,8328,293,473,-23.517540000000004,0.00024338563283284503,117,0,0.3,5088,0,11480,0,50,0,0,0,0,true,0,0,0
0,0,33.4,540,-0.11002499999999998,-0.00011920928955078125,160,0,0,50,0,0,8320,293,473,-24.6789,0.0004277875026067098,115,0,0.3,5088,0,11480,0,50,0,0,0,0,true,0,0,0
0,0,33.4,540,-0.11002499999999998,0.0007775094774034288,160,0,0,50,0,0,8336,289,473,-24.969240000000003,0.0000490496555964152,114,0,0.3,5088,0,11480,0,50,0,0,0,0,true,0,0,0
0,0,33.4,541,0.05501249999999999,0.0002980232238769531,158,0,0,50,0,0,8320,293,473,-23.80788,0.0003073364496231079,114,0,0.3,5088,0,11480,0,50,0,0,0,0,true,0,0,0
0,0,33.4,539,0.22004999999999997,-0.0017046928405761719,158,0,0,50,0,0,8328,289,474,-27.582300000000004,0.0005116065343221028,117,0,0.3,5088,0,11480,0,50,0,0,0,0,true,0,0,0
0,0,33.4,541,0.13753124999999997,0.0006861156887478299,158,0,0,50,0,0,8328,293,474,-27.001620000000003,-0.00007512668768564859,114,0,0.3,5088,0,11480,0,50,0,0,0,0,true,0,0,0
0,0,33.4,541,0.30256874999999994,-0.0011232164171006945,158,0,0,50,0,0,8336,293,474,-27.872640000000004,0.00011672576268513997,112,0,0.3,5088,0,11480,0,50,0,0,0,0,true,0,0,0
0,0,33.7,540,0.5776312499999999,0.0009470515780978733,158,0,0,50,0,0,8328,289,473,-24.969240000000003,-0.00037066638469696045,117,0,0.3,5088,0,11480,0,50,0,0,0,0,true,0,0,0
0,0,33.7,539,0.24755624999999998,-0.002075566185845269,161,0,0,50,0,0,8328,289,473,-27.872640000000004,0.00015894571940104166,113,0,0.3,5088,0,11480,0,50,0,0,0,0,true,0,0,0
0,0,33.7,541,0.33007499999999995,0.000537766350640191,159,0,0,50,0,0,8336,293,474,-27.29196,-0.00006829698880513509,114,0,0.3,5088,0,11480,0,50,0,0,0,0,true,0,0,0
0,0,33.7,541,0.13753124999999997,0.0012808375888400606,159,0,0,50,0,0,8336,293,475,-26.711280000000002,-0.0001825392246246338,117,0,0.3,5088,0,11480,0,50,0,0,0,0,true,0,0,0
0,0,33.7,539,-0.11002499999999998,0.00020662943522135416,159,0,0,50,0,0,8336,293,475,-25.54992,0.000373770793279012,112,0,0.3,5088,0,11480,0,50,0,0,0,0,true,0,0,0
0,0,33.7,540,0.49511249999999996,-0.00012583202785915797,161,0,0,50,0,0,8328,293,474,-29.61468,0.00024338563283284503,116,0,0.3,5088,0,11480,0,50,0,0,0,0,true,0,0,0
0,0,33.7,540,0.24755624999999998,-0.00004238552517361111,158,0,0,50,0,0,8328,293,474,-27.872640000000004,-0.00031975408395131427,115,0,0.3,5088,0,11480,0,50,0,0,0,0,true,0,0,0
0,0,33.7,540,0.24755624999999998,-0.0005470381842719184,159,0,0,50,0,0,8336,293,475,-31.35672,-0.0002384185791015625,118,0,0.3,5088,0,11480,0,50,0,0,0,0,true,0,0,0
0,0,33.7,541,0.38508749999999997,0.00012583202785915797,158,0,0,50,0,0,8336,293,473,-27.001620000000003,-0.00019495685895284015,117,0,0.3,5088,0,11480,0,50,0,0,0,0,true,0,0,0
0,0,33.7,541,0.13753124999999997,0.0004331270853678385,157,0,0,50,0,0,8328,293,473,-27.29196,0.0004041939973831177,117,0,0.3,5088,0,11480,0,50,0,0,0,0,true,0,0,0
0,0,33.7,540,0.24755624999999998,0.0010053316752115886,158,0,0,50,0,0,8328,293,475,-28.453320000000005,-0.00005650023619333903,118,0,0.3,5088,0,11480,0,50,0,0,0,0,true,0,0,0
0,0,33.7,541,0.19254374999999999,0.0012530220879448785,159,0,0,50,0,0,8328,289,474,-28.16298,0.0004923592011133829,115,0,0.3,5088,0,11480,0,50,0,0,0,0,true,0,0,0
0,0,33.7,539,0.33007499999999995,0.0006967120700412326,160,0,0,50,0,0,8328,293,476,-27.872640000000004,-0.00010306636492411295,115,0,0.3,5088,0,11480,0,50,0,0,0,0,true,0,0,0
0,0,33.7,539,0.19254374999999999,-0.0005218717787000868,159,0,0,50,0,0,8328,293,475,-30.776040000000002,-0.0002384185791015625,114,0,0.3,5088,0,11480,0,50,0,0,0,0,true,0,0,0
0,0,33.7,541,0.11002499999999998,-0.0013457404242621528,161,0,0,50,0,0,8328,293,477,-27.001620000000003,-0.00006208817164103189,115,0,0.3,5088,0,11480,0,50,0,0,0,0,true,0,0,0
0,0,33.7,541,0.19254374999999999,0.00010861290825737847,160,0,0,50,0,0,8344,293,475,-29.32434,-0.0001316269238789876,117,0,0.3,5088,0,11480,0,50,0,0,0,0,true,0,0,0
0,0,33.7,540,0.05501249999999999,-0.0008410877651638455,160,0,0,50,0,0,8336,293,478,-28.16298,-0.000391155481338501,114,0,0.3,5088,0,11480,0,50,0,0,0,0,true,0,0,0
0,0,33.7,540,0.27506249999999993,0.00007682376437717014,158,0,0,50,0,0,8336,293,475,-31.35672,-0.0001111378272374471,117,0,0.3,5088,0,11480,0,50,0,0,0,0,true,0,0,0
0,0,33.7,540,-0.27506249999999993,0.0000026490953233506944,159,0,0,50,0,0,8336,293,476,-28.16298,0.0003241002559661865,112,0,0.3,5088,0,11480,0,50,0,0,0,0,true,0,0,0
0,0,33.7,540,0.13753124999999997,-0.0006013446384006076,157,0,0,50,0,0,8328,293,476,-29.32434,0.000011175870895385742,119,0,0.3,5088,0,11480,0,50,0,0,0,0,true,0,0,0
0,0,33.7,541,0.33007499999999995,-0.0010410944620768228,157,0,0,50,0,0,8328,293,476,-31.937400000000004,0.000038494666417439774,113,0,0.3,5088,0,11480,0,50,0,0,0,0,true,0,0,0
0,0,33.7,541,0.19254374999999999,0.0001629193623860677,157,0,0,50,0,0,8336,293,477,-31.066380000000002,0.0000658134619394938,116,0,0.3,5088,0,11480,0,50,0,0,0,0,true,0,0,0
0,0,33.7,540,-0.027506249999999996,-0.0027060508728027344,160,0,0,50,0,0,8336,293,478,-32.80842,-0.0001570830742518107,114,0,0.3,5088,0,11480,0,50,0,0,0,0,true,0,0,0
0,0,33.7,541,0.11002499999999998,0.001282162136501736,159,0,0,50,0,0,8336,293,477,-33.3891,-0.0000043461720148722325,115,0,0.3,5088,0,11480,0,50,0,0,0,0,true,0,0,0
0,0,33.7,541,0.5501249999999999,-0.0016967455546061196,159,0,0,50,0,0,8328,293,478,-31.35672,0.000072022279103597,117,0,0.3,5088,0,11480,0,50,0,0,0,0,true,0,0,0
0,0,33.7,541,0.24755624999999998,0.00019735760158962672,160,0,0,50,0,0,8328,293,476,-32.22774,0.00008443991343180338,115,0,0.3,5088,0,11480,0,50,0,0,0,0,true,0,0,0
0,0,33.7,541,0.16503749999999998,-0.0008371141221788194,160,0,0,50,0,0,8328,293,477,-31.066380000000002,0.0001570830742518107,117,0,0.3,5088,0,11480,0,50,0,0,0,0,true,0,0,0
0,0,33.7,540,0.30256874999999994,-0.000320540534125434,161,0,0,50,0,0,8328,293,476,-29.905020000000004,0.00006767610708872476,117,0,0.3,5088,0,11480,0,50,0,0,0,0,true,0,0,0
0,0,33.7,540,0.5226187499999999,0.0014874670240614149,159,0,0,50,0,0,8336,293,477,-31.066380000000002,0.000027939677238464355,117,0,0.3,5088,0,11480,0,50,0,0,0,0,true,0,0,0
0,0,33.7,541,0.33007499999999995,0.00015497207641601562,159,0,0,50,0,0,8328,293,476,-31.066380000000002,-0.0002818802992502848,114,0,0.3,5088,0,11480,0,50,0,0,0,0,true,0,0,0
0,0,33.7,539,0.05501249999999999,-0.000511275397406684,159,0,0,50,0,0,8328,293,479,-32.80842,-0.0003129243850708008,114,0,0.3,5088,0,11480,0,50,0,0,0,0,true,0,0,0
0,0,33.7,542,0.027506249999999996,-0.0011391109890407985,159,0,0,50,0,0,8328,293,477,-33.67944,-0.00022103389104207355,117,0,0.3,5088,0,11480,0,50,0,0,0,0,true,0,0,0
0,0,33.7,541,0.38508749999999997,-0.0007907549540201823,158,0,0,50,0,0,8328,293,478,-34.26012,0.0002191712458928426,117,0,0.3,5088,0,11480,0,50,0,0,0,0,true,0,0,0
0,0,33.7,539,0.4125937499999999,-0.0003059705098470052,159,0,0,50,0,0,8328,293,479,-35.42148,0.000057121117909749344,114,0,0.3,5088,0,11480,0,50,0,0,0,0,true,0,0,0
0,0,33.7,541,0.11002499999999998,-0.001491440667046441,160,0,0,50,0,0,8336,293,480,-36.00216,0.00007761021455128987,116,0,0.3,5088,0,11480,0,50,0,0,0,0,true,0,0,0
0,0,33.7,541,0.24755624999999998,0.00034173329671223957,160,0,0,50,0,0,8336,293,477,-30.4857,0.0005681067705154419,117,0,0.3,5088,0,11480,0,50,0,0,0,0,true,0,0,0
0,0,33.7,541,0.08251874999999999,0.0003695487976074219,159,0,0,50,0,0,8328,293,479,-37.163520000000005,0.00015584131081899005,118,0,0.3,5088,0,11480,0,50,0,0,0,0,true,0,0,0
0,0,33.7,541,0.11002499999999998,0.0004953808254665799,159,0,0,50,0,0,8336,293,477,-34.8408,0.00032658378283182776,117,0,0.3,5088,0,11480,0,50,0,0,0,0,true,0,0,0
0,0,34.1,541,0.3575812499999999,0.0009377797444661458,161,0,0,50,0,0,8336,293,477,-33.67944,-0.00010803341865539551,118,0,0.3,5088,0,11480,0,50,0,0,0,0,true,0,0,0
0,0,34.1,540,-0.13753124999999997,0.0009245342678493924,159,0,0,50,0,0,8328,293,478,-33.67944,0.00002421438694000244,118,0,0.3,5088,0,11480,0,50,0,0,0,0,true,0,0,0
0,0,34.1,539,0.6051374999999999,0.0003523296780056424,160,0,0,50,0,0,8336,293,479,-33.09876,-0.00016080836455027261,117,0,0.3,5088,0,11480,0,50,0,0,0,0,true,0,0,0
0,0,34.1,540,0.6876562499999999,0.0005258454216851129,160,0,0,50,0,0,8328,293,479,-35.71182,0.0001999239126841227,117,0,0.3,5088,0,11480,0,50,0,0,0,0,true,0,0,0
0,0,33.7,541,0.5501249999999999,-0.00007682376437717014,159,0,0,50,0,0,8320,293,479,-37.7442,-0.0001310060421625773,114,0,0.3,5088,0,11480,0,50,0,0,0,0,true,0,0,0
0,0,33.7,540,0.49511249999999996,-0.0023868348863389757,157,0,0,50,0,0,8336,296,480,-36.292500000000004,-0.000019868214925130207,114,0,0.3,5088,0,11480,0,50,0,0,0,0,true,0,0,0
0,0,34.1,540,0.33007499999999995,-0.0007258521185980903,157,0,0,50,0,0,8336,293,480,-37.7442,0.00007078051567077637,113,0,0.3,5088,0,11480,0,50,0,0,0,0,true,0,0,0
0,0,34.1,540,-0.38508749999999997,0.0003192159864637587,160,0,0,50,0,0,8328,293,480,-36.00216,-0.0003334134817123413,118,0,0.3,5088,0,11480,0,50,0,0,0,0,true,0,0,0
0,0,34.1,541,-0.08251874999999999,-0.00047286351521809894,158,0,0,50,0,0,8328,296,480,-39.77658,-0.0006264696518580118,118,0,0.3,5088,0,11480,0,50,0,0,0,0,true,0,0,0
0,0,34.1,540,0.6601499999999999,0.000507301754421658,158,0,0,50,0,0,8336,296,480,-35.13114,-0.00020489096641540527,117,0,0.3,5088,0,11480,0,50,0,0,0,0,true,0,0,0
0,65285,0,0,0.027506249999999996,0.0008251931932237413,0,0,0,50,0,0.00008344650268554688,7232,286,0,0.29034000000000004,-0.08823660512765248,0,0,0.3,5088,0,11480,0,50,0,-0.08906424045562744,0,0,true,0,0,0
0,65285,24.9,0,-0.027506249999999996,-0.0008821487426757812,0,0,0,50,0,-0.000011920928955078125,7232,283,0,-0.29034000000000004,-0.000009313225746154785,0,0,0.3,5088,0,11480,0,50,0,-0.00017384688059488931,0,0,true,0,0,0
0,65285,24.9,0,0.027506249999999996,-0.0006477038065592448,0,0,0,50,0,0.00010728836059570312,7728,283,0,-0.29034000000000004,-0.0002868473529815674,0,0,0.3,5088,0,11480,0,50,0,0.000046566128730773926,0,0,true,0,0,0
0,65285,24.9,0,0.027506249999999996,-0.001438458760579427,0,0,0,50,0,0.00009801652696397569,7728,279,0,-0.29034000000000004,0.0000850607951482137,0,0,0.3,5088,0,11480,0,50,0,-0.0003023693958918253,0,0,true,0,0,0
0,65285,24.9,0,0,-0.0006119410196940104,0,0,0,50,0,0.0008066495259602864,7728,279,0,0.29034000000000004,0.00009747842947642008,0,0,0.3,5088,0,11480,0,50,0,0.0002514570951461792,0,0,true,0,0,0
0,65285,24.9,0,-0.027506249999999996,0.0001457002427842882,0,0,0,50,0,-0.00022517310248480903,7720,279,0,0.29034000000000004,0.00012355546156565347,0,0,0.3,5088,0,11480,0,50,0,0.0003439684708913167,0,0,true,0,0,0
0,65285,24.9,0,-0.027506249999999996,0.0019576814439561632,0,0,0,50,0,0.0007881058586968316,7728,279,0,-0.29034000000000004,0.0005097438891728718,0,0,0.3,5088,0,11480,0,50,0,-0.000001862645149230957,0,0,true,0,0,0
0,65285,24.9,0,0.027506249999999996,-0.0001880857679578993,0,0,0,50,0,-0.00019073486328125,7728,279,0,0.29034000000000004,-0.00009561578432718912,0,0,0.3,5088,0,11480,0,50,0,-0.00010120371977488199,0,0,true,0,0,0
0,65285,24.9,0,0.027506249999999996,-0.00027683046129014756,0,0,0,50,0,0.00051524904039171,7728,279,0,-0.29034000000000004,0.0001471489667892456,0,0,0.3,5088,0,11480,0,50,0,0.00018129746119181314,0,0,true,0,0,0
0,65285,24.9,0,0.027506249999999996,0.0011444091796875,0,0,0,50,0,0.0005351172553168403,7728,279,0,-0.29034000000000004,0.00006084640820821126,0,0,0.3,5088,0,11480,0,50,0,-0.00008319814999898274,0,0,true,0,0,0
0,65285,24.9,0,-0.027506249999999996,0.0002304712931315104,0,0,0,50,0,-0.0009364551968044705,7680,276,0,0.29034000000000004,-0.00001800556977589925,0,0,0.3,5088,0,11480,0,50,0,-0.00005029141902923584,0,0,true,0,0,0
0,65285,24.9,0,-0.027506249999999996,0.0006477038065592448,0,0,0,50,0,0.0002688831753200955,7680,276,0,0.29034000000000004,-0.000027318795522054035,0,0,0.3,5088,0,11480,0,50,0,0.00038494666417439777,0,0,true,0,0,0
0,65285,24.9,0,0.027506249999999996,0.00006887647840711805,0,0,0,50,0,0.00057220458984375,7664,276,0,0.29034000000000004,-0.0001043081283569336,0,0,0.3,5088,0,11480,0,50,0,0.0001272807518641154,0,0,true,0,0,0
0,65285,24.9,0,0,0.00010331471761067708,0,0,0,50,0,-0.00034040874905056425,7664,276,0,-0.29034000000000004,-0.000029181440671284992,0,0,0.3,5088,0,11480,0,50,0,-0.0002123415470123291,0,0,true,0,0,0
0,65285,24.9,0,0,-0.00011656019422743055,0,0,0,50,0,-0.00013642840915256075,7664,276,0,0,-0.00017881393432617188,0,0,0.3,5088,0,11480,0,50,0,0.000012417634328206379,0,0,true,0,0,0
0,65285,24.6,0,-0.027506249999999996,0.001541773478190104,0,0,0,50,0,0.0007245275709364149,7640,276,0,0.29034000000000004,-0.0002129624287287394,0,0,0.3,5088,0,11480,0,50,0,0.00031975408395131427,0,0,true,0,0,0
0,65285,24.6,0,0.027506249999999996,0.00002781550089518229,0,0,0,50,0,-0.0004212061564127604,7632,276,0,-0.29034000000000004,-0.000032285849253336586,0,0,0.3,5088,0,11480,0,50,0,0.00009375313917795816,0,0,true,0,0,0
0,65285,24.9,0,0.027506249999999996,0.000014570024278428819,0,0,0,50,0,-0.0009046660529242621,7584,273,0,-0.29034000000000004,0.0015310943126678467,0,0,0.3,5088,0,11480,0,50,0,-0.0001601874828338623,0,0,true,0,0,0
0,65285,24.6,0,0.027506249999999996,-0.00039471520317925344,0,0,0,50,0,-0.0009510252210828993,7560,273,0,-0.29034000000000004,-0.00029616057872772217,0,0,0.3,5088,0,11480,0,50,0,0.0003793587287267049,0,0,true,0,0,0
0,65285,24.6,0,-0.027506249999999996,-0.00003841188218858507,0,0,0,50,0,-0.0003152423434787326,7552,273,0,-0.29034000000000004,0.00024152298768361408,0,0,0.3,5088,0,11480,0,50,0,0.00006022552649180094,0,0,true,0,0,0
0,0,24.9,0,0.027506249999999996,0.0005602836608886719,0,0,0,50,0,0.0009073151482476128,7544,269,467,-0.8710200000000001,-0.00008257726828257242,107,0,0.3,5088,0,11480,0,50,0,0.000057121117909749344,0,0,true,0,0,0
0,0,24.9,0,-0.027506249999999996,-0.0011152691311306423,0,0,0,50,0,0.0007099575466579861,7552,269,467,-0.5806800000000001,0.00004346172014872233,106,0,0.3,5088,0,11480,0,50,0,1.128282585572545e-47,0,0,true,0,0,0
0,0,24.9,0,-0.027506249999999996,0.0003311369154188368,0,0,0,50,0,0.00042782889472113713,7552,269,467,-0.8710200000000001,-0.00021792948246002197,106,0,0.3,5088,0,11480,0,50,0,3.4669194151784965e-77,0,0,true,0,0,0
0,0,24.9,542,1.4028187499999998,0.7583975791931152,371,0,0,50,0,0.7757357721518557,6904,266,467,3.4840800000000005,0.06152379016081492,126,0,0.3,5088,0,11480,0,50,0,0.0021083636505145153,0,0,true,0,0,0
0,0,24.9,542,1.6228687499999999,0.8104523022969563,393,0,0,50,0,0.8153409651638632,6872,266,467,2.3227200000000003,0.061965857942899064,128,0,0.3,5088,0,11480,0,50,1,0.061712947274270666,0,0,true,0,0,0
0,0,24.9,544,1.3478062499999999,0.8118232091267903,394,0,0,50,0,0.810918224590417,6936,266,467,2.0323800000000003,0.06292263666788736,127,0,0.3,5088,0,11480,0,50,0,0.06171749015064226,0,0,true,0,0,0
0,0,24.9,542,1.2102749999999998,0.8042799101935493,393,0,0,50,0,0.8109755802270266,6992,266,467,1.1613600000000002,0.062022979060808815,127,0,0.3,5088,0,11480,0,50,4,0.061722676560606975,0,0,true,0,0,0
0,0,24.9,541,1.1552624999999999,0.8042309019300673,390,0,0,50,0,0.8026524999747462,7048,266,467,2.9034,0.06194971501827239,125,0,0.3,5088,0,11480,0,50,-2,0.061777962834880434,0,0,true,0,0,0
0,0,24.9,541,0.8526937499999998,-0.00022914674546983506,152,0,0,50,0,0.00005919731766623436,7056,266,467,-0.29034000000000004,-0.0001825392246246338,106,0,0.3,5088,0,11480,0,50,-22,0.003044893600821535,0,0,true,0,0,0
0,0,26.6,548,-0.30256874999999994,6.132704681820339,2636,0,0,50,0,5.543962910496715,8392,286,467,-0.8710200000000001,0.5012440184752146,478,0,0.3,5088,0,11480,0,50,-25,0.43133996374565675,0,0,true,0,0,0
0,0,26.6,539,1.870425,2.3089382383558483,1016,0,0,50,0,1.8343917109202943,8312,286,468,-4.645440000000001,0.10430005689462025,133,0,0.3,5088,0,11480,0,50,-34,0.03638599677432093,0,0,true,0,0,0
0,0,26.6,541,1.2652875,0.0007351239522298176,151,20310,0,50,0,0.00005816342643049719,8288,286,467,-2.61306,-0.00009002784887949625,107,0,0.3,5088,0,11480,0,50,0,1.9383332473361716e-27,0,0,true,0,0,0
0,0,26.6,0,-0.027506249999999996,0.0010675854153103298,0,0,0,50,0,0.0008609559800889756,8288,286,467,-2.3227200000000003,0.00007450580596923828,106,0,0.3,5088,0,11480,0,50,0,3.5428687789048335e-55,0,0,true,0,0,0
0,0,26.6,0,0,0.000511275397406684,0,0,0,50,0,-0.0001404020521375868,8288,286,467,-2.61306,0.00008878608544667561,106,0,0.3,5088,0,11480,0,50,0,7.031419232129288e-83,0,0,true,0,0,0
0,0,26.6,0,0.027506249999999996,0.00030729505750868056,0,0,0,50,0,-0.0003311369154188368,8288,286,467,-2.3227200000000003,0.00012914339701334635,108,0,0.3,5088,0,11480,0,50,0,4.209891235134106e-112,0,0,true,0,0,0
0,0,26.6,0,-0.027506249999999996,-0.0002569622463650174,0,0,0,50,0,-0.00012185838487413194,8288,286,467,-2.61306,-0.0001831601063410441,109,0,0.3,5088,0,11480,0,50,0,2.9123222154025163e-139,0,0,true,0,0,0
0,0,26.6,0,0.027506249999999996,-0.0003231896294487847,0,0,0,50,0,0.00010728836059570312,8288,286,467,-2.9034,0.00010927518208821614,110,0,0.3,5088,0,11480,0,50,0,2.309901406000381e-167,0,0,true,0,0,0
0,0,26.6,0,-0.027506249999999996,-0.0007602903578016493,0,0,0,50,0,0.0010410944620768228,8288,286,467,-2.61306,-0.00027008354663848877,111,0,0.3,5088,0,11480,0,50,0,4.088642158189802e-196,0,0,true,0,0,0
0,0,26.6,0,0.027506249999999996,0.0011629528469509548,0,0,0,50,0,0.0003059705098470052,8288,286,467,-2.3227200000000003,-0.000008692344029744465,109,0,0.3,5088,0,11480,0,50,0,1.3540678888913993e-259,0,0,true,0,0,0
0,0,26.6,0,-0.027506249999999996,-0.0000476837158203125,0,0,0,50,0,-0.000015894571940104164,8288,286,467,-2.9034,0.0002818802992502848,107,0,0.3,5088,0,11480,0,50,0,6.435203840566231e-291,0,0,true,0,0,0
0,0,26.6,0,0.027506249999999996,0.00015894571940104166,0,0,0,50,0,-0.0003788206312391493,8280,286,467,-2.9034,0.00006891787052154541,106,0,0.3,5088,0,11480,0,50,0,7.484e-320,0,0,true,0,0,0
0,0,26.6,0,0.027506249999999996,0.00023179584079318575,0,0,0,50,0,0.00009139378865559895,8280,286,467,-2.61306,-0.00006953875223795572,106,0,0.3,5088,0,11480,0,50,0,0,0,0,true,0,0,0
0,0,26.6,0,0.027506249999999996,0.0010079807705349391,0,0,0,50,0,-0.00040796067979600694,8272,286,467,-3.19374,0.00008878608544667561,108,0,0.3,5088,0,11480,0,50,0,0,0,0,true,0,0,0
0,0,26.6,0,-0.027506249999999996,-0.00031259324815538194,0,0,0,50,0,-0.0009046660529242621,8264,286,467,-2.61306,0.00017260511716206867,110,0,0.3,5088,0,11480,0,50,0,0,0,0,true,0,0,0
0,0,26.6,0,0,-0.0003933906555175781,0,0,0,50,0,-0.0005258454216851129,8256,286,467,-3.19374,0.00011175870895385742,111,0,0.3,5088,0,11480,0,50,0,0,0,0,true,0,0,0
0,0,26.6,0,0,-0.0001457002427842882,0,0,0,50,0,-0.000255637698703342,8248,286,467,-2.9034,0.00012603898843129474,111,0,0.3,5088,0,11480,0,50,0,0,0,0,true,0,0,0
0,0,26.6,0,-0.027506249999999996,-0.0011046727498372395,0,0,0,50,0,-0.00011788474188910589,8248,286,467,-3.4840800000000005,-0.00008754432201385498,110,0,0.3,5088,0,11480,0,50,0,0,0,0,true,0,0,0
0,0,26.6,0,-0.027506249999999996,0.0005390908983018663,0,0,0,50,0,0.0007536676194932725,8248,286,467,-2.9034,-0.00016515453656514484,108,0,0.3,5088,0,11480,0,50,0,0,0,0,true,0,0,0
0,0,26.6,0,0,-0.0011006991068522134,0,0,0,50,0,-0.00023179584079318575,8240,286,467,-2.9034,-0.00006643434365590413,107,0,0.3,5088,0,11480,0,50,0,0,0,0,true,0,0,0
0,65285,26.6,0,-0.027506249999999996,0.0005563100179036458,0,0,0,50,0,-0.0006953875223795573,8248,289,0,-0.29034000000000004,0.00027070442835489905,0,0,0.3,5088,0,11480,0,50,0,0.00006084640820821126,0,0,true,0,0,0
0,0,26.6,0,0.027506249999999996,-0.0002410676744249132,0,0,0,50,0,-0.0005655818515353733,8232,289,0,0,-0.00004780789216359456,0,0,0.3,5088,0,11480,0,50,0,0,0,0,true,0,0,0
0,0,26.6,0,0.027506249999999996,0.0014583269755045571,0,0,0,50,0,-0.0018689367506239149,8232,286,467,-1.7420400000000003,-0.000027939677238464355,107,0,0.3,5088,0,11480,0,50,0,0,0,0,true,0,0,0
0,0,26.6,0,0.027506249999999996,-0.0003986888461642795,0,0,0,50,0,-0.0005682309468587239,8224,289,467,-1.7420400000000003,0.00012914339701334635,107,0,0.3,5088,0,11480,0,50,0,0,0,0,true,0,0,0
0,0,26.6,0,-0.027506249999999996,-0.00029404958089192707,0,0,0,50,0,-0.0007801585727267795,8224,289,467,-1.4517,0.00033465524514516193,108,0,0.3,5088,0,11480,0,50,0,0,0,0,true,0,0,0
0,0,26.6,0,0.027506249999999996,0.00020398033989800347,0,0,0,50,0,-0.0008636050754123264,8224,286,467,-1.1613600000000002,0.00004842877388000488,109,0,0.3,5088,0,11480,0,50,0,0,0,0,true,0,0,0
0,0,26.6,0,0.027506249999999996,-0.0006053182813856336,0,0,0,50,0,0.00021987491183810763,8224,289,467,-1.7420400000000003,0.0003520399332046509,110,0,0.3,5088,0,11480,0,50,0,0,0,0,true,0,0,0
0,0,26.6,0,0.027506249999999996,-0.0005284945170084635,0,0,0,50,0,-0.0001576211717393663,8224,286,467,-1.4517,0.0001670171817143758,111,0,0.3,5088,0,11480,0,50,0,0,0,0,true,0,0,0
0,0,26.9,541,-0.38508749999999997,-0.8867316775851779,416,0,0,50,0,-0.8866470020630512,8240,289,467,-11.323260000000001,-0.10927518208821614,167,0,0.3,5088,0,11480,0,50,-22,-0.18448630530322208,0,0,true,0,0,0
0,0,26.9,540,-0.8526937499999998,-2.2701554828219943,1037,0,0,50,0,-2.5231386512487926,8256,286,468,-12.484620000000001,-0.2526206274827321,273,0,0.3,5088,0,11480,0,50,-2,-0.2508263193451971,0,0,true,0,0,0
0,0,26.9,588,0.24755624999999998,-8.305345641242132,3526,0,0,50,0,-7.758198778036098,8408,289,468,-11.323260000000001,-0.5579820523659388,542,0,0.3,5088,0,11480,0,50,19,-0.4538772613630941,0,0,true,0,0,0
0,0,27.3,538,-0.027506249999999996,-3.0908452139960394,1341,0,0,50,0,-2.5263494590079927,8320,289,468,-8.41986,-0.1322521517674128,171,0,0.3,5088,0,11480,0,50,1,-0.10806071196464842,0,0,true,0,0,0
0,0,27.3,541,-1.18276875,-1.4244781600104437,633,0,0,50,0,-1.4258588093812756,8288,289,468,-11.03292,-0.10929380853970845,155,0,0.3,5088,0,11480,0,50,18,-0.055953454826990025,0,0,true,0,0,0
0,0,27.3,540,-0.08251874999999999,-0.00039471520317925344,152,0,0,50,0,-0.00006717792187575615,8328,289,467,-6.097140000000001,-0.00004842877388000488,108,0,0.3,5088,0,11480,0,50,0,-1.4842045523487963e-29,0,0,true,0,0,0
0,0,27.3,0,0.027506249999999996,0.0004265043470594618,0,0,0,50,0,0.0006437301635742188,8384,289,468,-4.93578,0.00011983017126719156,106,0,0.3,5088,0,11480,0,50,0,-1.0466363894065798e-58,0,0,true,0,0,0
0,0,27.3,0,-0.027506249999999996,-0.0007337994045681424,0,0,0,50,0,0.0008079740736219618,8392,289,467,-4.3551,-0.00030919909477233887,108,0,0.3,5088,0,11480,0,50,0,-5.372894847771033e-85,0,0,true,0,0,0
0,0,27.3,0,0.027506249999999996,0.0005178981357150608,0,0,0,50,0,0.000545713636610243,8392,289,467,-4.3551,-0.00020116567611694336,111,0,0.3,5088,0,11480,0,50,0,-4.116730014808779e-127,0,0,true,0,0,0
0,0,27.3,0,-0.027506249999999996,0.0004265043470594618,0,0,0,50,0,0.00016159481472439235,8392,289,468,-4.645440000000001,-0.00012914339701334635,110,0,0.3,5088,0,11480,0,50,0,-9.548902983408508e-158,0,0,true,0,0,0
0,0,27.3,0,0.027506249999999996,-0.000014570024278428819,0,0,0,50,0,-0.0007337994045681424,8392,289,467,-4.3551,0.000010554989178975422,108,0,0.3,5088,0,11480,0,50,0,-1.4552738949569067e-188,0,0,true,0,0,0
0,0,27.3,0,-0.027506249999999996,-0.0004212061564127604,0,0,0,50,0,0.0012252065870496961,8392,289,467,-3.77442,0.000011175870895385742,107,0,0.3,5088,0,11480,0,50,0,-5.272286756076766e-218,0,0,true,0,0,0
0,0,27.3,0,0.027506249999999996,0.0007298257615831163,0,0,0,50,0,0.0001152356465657552,8392,289,467,-3.4840800000000005,-0.0002228965361913045,109,0,0.3,5088,0,11480,0,50,0,-1.2999712361135712e-246,0,0,true,0,0,0
0,0,27.3,0,0,-0.00039471520317925344,0,0,0,50,0,0.00007549921671549478,8392,289,467,-3.77442,-0.0003377596537272135,111,0,0.3,5088,0,11480,0,50,0,-1.2592206178130217e-273,0,0,true,0,0,0
0,0,27.3,0,0.027506249999999996,-0.0002755059136284722,0,0,0,50,0,-0.000045034620496961805,8392,289,467,-3.4840800000000005,0.0002949188152949015,112,0,0.3,5088,0,11480,0,50,0,-3.271574144727908e-303,0,0,true,0,0,0
0,0,27.3,0,-0.027506249999999996,0.0003986888461642795,0,0,0,50,0,-0.0006847911410861545,8392,289,467,-3.4840800000000005,0.00012976427872975666,111,0,0.3,5088,0,11480,0,50,0,0,0,0,true,0,0,0
0,0,27.3,0,-0.027506249999999996,0.00013377931382921006,0,0,0,50,0,0.00026226043701171875,8384,293,467,-3.19374,0.00016453365484873453,109,0,0.3,5088,0,11480,0,50,0,0,0,0,true,0,0,0
0,0,27.3,0,-0.027506249999999996,-0.0001576211717393663,0,0,0,50,0,0.000602669186062283,8384,289,467,-3.4840800000000005,-0.000020489096641540527,107,0,0.3,5088,0,11480,0,50,0,0,0,0,true,0,0,0
0,0,27.3,0,-0.027506249999999996,0.00029537412855360244,0,0,0,50,0,-0.0005616082085503472,8376,289,467,-4.064760000000001,0.000303611159324646,107,0,0.3,5088,0,11480,0,50,0,0,0,0,true,0,0,0
0,0,27.3,0,0.027506249999999996,-0.0009430779351128471,0,0,0,50,0,-0.00001854366726345486,8376,289,467,-4.064760000000001,-0.00008381903171539307,109,0,0.3,5088,0,11480,0,50,0,0,0,0,true,0,0,0
0,0,27.3,0,-0.027506249999999996,-0.00017219119601779513,0,0,0,50,0,0.0013033548990885415,8376,293,467,-4.645440000000001,0.00008319814999898274,111,0,0.3,5088,0,11480,0,50,0,0,0,0,true,0,0,0
0,0,27.3,0,-0.027506249999999996,-0.00006357828776041666,0,0,0,50,0,-0.0005020035637749566,8376,289,467,-4.064760000000001,0.000040978193283081055,111,0,0.3,5088,0,11480,0,50,0,0,0,0,true,0,0,0
0,0,27.3,0,-0.027506249999999996,-0.0005033281114366319,0,0,0,50,0,-0.00022252400716145832,8368,293,467,-3.77442,-0.00008878608544667561,109,0,0.3,5088,0,11480,0,50,0,0,0,0,true,0,0,0
0,0,27.3,0,-0.027506249999999996,0.000762939453125,0,0,0,50,0,0.0015788608127170138,8368,289,467,-4.064760000000001,0.000014901161193847656,107,0,0.3,5088,0,11480,0,50,0,0,0,0,true,0,0,0
0,0,27.3,0,0.027506249999999996,-0.0004039870368109809,0,0,0,50,0,0.0007616149054633246,8360,289,467,-3.4840800000000005,0.0003427267074584961,106,0,0.3,5088,0,11480,0,50,0,0,0,0,true,0,0,0
0,0,27.3,0,-0.027506249999999996,-0.0009218851725260416,0,0,0,50,0,0.00015497207641601562,8360,289,467,-3.77442,-0.000021730860074361164,107,0,0.3,5088,0,11480,0,50,0,0,0,0,true,0,0,0
0,0,27.3,0,0,0.0002675586276584201,0,0,0,50,0,0.0004212061564127604,8360,293,467,-3.4840800000000005,-0.0001831601063410441,110,0,0.3,5088,0,11480,0,50,0,0,0,0,true,0,0,0
0,0,27.3,0,0.027506249999999996,0.0004993544684516059,0,0,0,50,0,0.000255637698703342,8360,289,467,-3.4840800000000005,0.000050912300745646157,111,0,0.3,5088,0,11480,0,50,0,0,0,0,true,0,0,0
0,0,27.3,0,0.027506249999999996,-0.0004993544684516059,0,0,0,50,0,0.0004238552517361111,8360,289,467,-3.4840800000000005,-0.00015087425708770752,110,0,0.3,5088,0,11480,0,50,0,0,0,0,true,0,0,0
0,0,27.3,0,0,0.0004609425862630208,0,0,0,50,0,0,8360,293,467,-3.77442,0.00012479722499847412,108,0,0.3,5088,0,11480,0,50,0,0,0,0,true,0,0,0
0,0,27.3,0,0,-0.00015894571940104166,0,0,0,50,0,0.0008185704549153645,8360,289,467,-3.4840800000000005,-0.00016391277313232422,106,0,0.3,5088,0,11480,0,50,0,0,0,0,true,0,0,0
0,0,27.3,0,-0.027506249999999996,-0.00020133124457465278,0,0,0,50,0,-0.000039736429850260414,8360,293,467,-3.4840800000000005,0.0000788519779841105,107,0,0.3,5088,0,11480,0,50,0,0,0,0,true,0,0,0
0,0,27.3,0,0.027506249999999996,0.0000013245476616753472,0,0,0,50,0,0.000014570024278428819,8360,289,467,-3.19374,0.000173225998878479,109,0,0.3,5088,0,11480,0,50,0,0,0,0,true,0,0,0
0,0,27.3,0,-0.027506249999999996,-0.0007417466905381944,0,0,0,50,0,0.00025961134168836806,8360,293,467,-3.19374,-0.00011858840783437093,111,0,0.3,5088,0,11480,0,50,0,0,0,0,true,0,0,0
0,0,27.3,0,-0.027506249999999996,0.0006291601392957899,0,0,0,50,0,0.00031259324815538194,8352,289,467,-2.9034,-0.00017757217089335123,111,0,0.3,5088,0,11480,0,50,0,0,0,0,true,0,0,0
0,0,27.3,0,0,0.00003311369154188368,0,0,0,50,0,0.00004635916815863715,8360,293,467,-2.9034,-0.00010120371977488199,111,0,0.3,5088,0,11480,0,50,0,0,0,0,true,0,0,0
0,0,27.3,0,0,-0.00011258655124240452,0,0,0,50,0,0.0001430511474609375,8352,293,467,-2.9034,-0.00005029141902923584,109,0,0.3,5088,0,11480,0,50,0,0,0,0,true,0,0,0
0,0,27.3,0,-0.027506249999999996,-0.0006437301635742188,0,0,0,50,0,-0.000005298190646701389,8352,293,467,-2.9034,-0.000032285849253336586,107,0,0.3,5088,0,11480,0,50,0,0,0,0,true,0,0,0
0,0,27.3,0,0.027506249999999996,0.0012066629197862414,0,0,0,50,0,0.0003192159864637587,8352,293,467,-3.4840800000000005,0.000052774945894877114,106,0,0.3,5088,0,11480,0,50,0,0,0,0,true,0,0,0
0,0,27.3,0,0.027506249999999996,-0.000385443369547526,0,0,0,50,0,-0.000054306454128689235,8352,293,467,-3.4840800000000005,-0.00018812716007232666,107,0,0.3,5088,0,11480,0,50,0,0,0,0,true,0,0,0
0,0,27.3,0,0.027506249999999996,-0.0005616082085503472,0,0,0,50,0,0.00008874469333224827,8360,293,467,-3.4840800000000005,-0.00005153318246205647,110,0,0.3,5088,0,11480,0,50,0,0,0,0,true,0,0,0
0,0,27.3,0,0.027506249999999996,-0.0004622671339246962,0,0,0,50,0,0.0005576345655653211,8352,293,467,-3.77442,0.00007015963395436604,111,0,0.3,5088,0,11480,0,50,0,0,0,0,true,0,0,0
0,0,27.3,0,-0.027506249999999996,0.000035762786865234375,0,0,0,50,0,0.0005086263020833333,8344,293,467,-3.77442,0.000021109978357950844,110,0,0.3,5088,0,11480,0,50,0,0,0,0,true,0,0,0
0,0,27.3,0,0.027506249999999996,-0.0013894504970974391,0,0,0,50,0,-0.0007801585727267795,8352,289,467,-3.4840800000000005,-0.00023717681566874185,108,0,0.3,5088,0,11480,0,50,0,0,0,0,true,0,0,0
0,0,27.3,0,-0.027506249999999996,0.0007033348083496094,0,0,0,50,0,0.00022517310248480903,8344,293,467,-3.4840800000000005,-0.00004159907499949137,106,0,0.3,5088,0,11480,0,50,0,0,0,0,true,0,0,0
0,0,26.9,0,-0.027506249999999996,-0.0010397699144151476,0,0,0,50,0,0.00045564439561631944,8344,293,467,-2.9034,0.00012417634328206378,106,0,0.3,5088,0,11480,0,50,0,0,0,0,true,0,0,0
0,0,26.9,0,0.027506249999999996,-0.0008715523613823784,0,0,0,50,0,-0.0005841255187988281,8344,293,467,-3.77442,-0.0001403192679087321,109,0,0.3,5088,0,11480,0,50,0,0,0,0,true,0,0,0
0,0,27.3,0,0.027506249999999996,0.0004132588704427083,0,0,0,50,0,-0.00014172659979926216,8352,293,467,-3.4840800000000005,-0.000046566128730773926,110,0,0.3,5088,0,11480,0,50,0,0,0,0,true,0,0,0
0,0,26.9,0,-0.027506249999999996,0.000013245476616753473,0,0,0,50,0,-0.000030464596218532985,8344,293,467,-3.77442,-0.00003042320410410563,111,0,0.3,5088,0,11480,0,50,0,0,0,0,true,0,0,0
0,0,26.9,543,2.6405999999999996,7.445621490478516,3185,0,0,50,0,7.428062600744335,8360,293,468,0.8710200000000001,0.7579276959101359,713,0,0.3,5088,0,11480,0,50,12,0.7578401362205882,0,0,true,0,0,0
0,0,26.9,538,2.3930437499999995,7.265214125315348,3111,0,0,50,0,7.248792858894491,8368,293,466,-5.8068,0.7612686604261398,718,0,0.3,5088,0,11480,0,50,47,0.7605695794323337,0,0,true,0,0,0
0,0,27.3,563,3.6858375,7.093132866753472,3046,0,0,50,0,7.0877670222403095,8384,293,467,-3.77442,0.7632647951443989,714,0,0.3,5088,0,11480,0,50,33,0.7613542519952481,0,0,true,0,0,0
0,0,27.3,535,2.5855875,6.9179349475436736,2972,0,0,50,0,6.907155154786165,8384,293,467,-9.00054,0.7608085870742798,713,0,0.3,5088,0,11480,0,50,41,0.7572422066865604,0,0,true,0,0,0
0,0,27.3,548,2.3655375,6.73805210325453,2903,0,0,50,0,6.729300879958504,8376,296,467,-2.9034,0.759124755859375,715,0,0.3,5088,0,11480,0,50,0,0.757264357380044,0,0,true,0,0,0
0,0,27.3,547,3.0256874999999996,6.621736950344509,2854,0,0,50,0,6.625205718686975,8392,296,469,-7.258500000000001,0.7620565593242645,712,0,0.3,5088,0,11480,0,50,-35,0.7600774277501173,0,0,true,0,0,0
0,0,27.3,546,2.8606499999999992,6.363862090640597,2743,0,0,50,0,6.369949696841044,8376,293,467,-5.51646,0.7608284552892048,717,0,0.3,5088,0,11480,0,50,-45,0.7591888097724493,0,0,true,0,0,0
0,0,27.6,553,2.94316875,6.2554862764146595,2695,0,0,50,0,6.245404013514879,8360,293,468,-1.4517,0.7637826104958851,715,0,0.3,5088,0,11480,0,50,16,0.7603563238459002,0,0,true,0,0,0
0,0,27.6,555,3.8783812499999994,6.128434340159098,2641,0,0,50,0,6.129263707552683,8360,296,466,-1.7420400000000003,0.7591657340526581,714,0,0.3,5088,0,11480,0,50,-10,0.761815208791461,0,0,true,0,0,0
0,0,27.6,552,4.070925,6.034089459313287,2601,0,0,50,0,6.020661328367462,8352,293,466,-0.29034000000000004,0.7614760349194208,717,0,0.3,5088,0,11480,0,50,13,0.7590560768700885,0,0,true,0,0,0
0,0,27.6,561,2.9706749999999995,5.930999914805094,2562,0,0,50,0,5.924479836011519,8368,296,466,-1.7420400000000003,0.7607924441496531,715,0,0.3,5088,0,11480,0,50,-8,0.761299599522608,0,0,true,0,0,0
0,0,27.6,548,3.7683562499999996,5.862838692135281,2533,0,0,50,0,5.848983292135034,8400,296,468,-4.93578,0.7589701563119888,720,0,0.3,5088,0,11480,0,50,22,0.7612353930095459,0,0,true,0,0,0
0,0,27.9,552,3.9333937499999996,5.775407950083414,2492,0,0,50,0,5.760827973290327,8392,293,466,-2.3227200000000003,0.7630319645007451,720,0,0.3,5088,0,11480,0,50,-21,0.7606511913807886,0,0,true,0,0,0
0,0,27.9,547,3.1632187499999995,5.680496162838406,2456,0,0,50,0,5.6832065082893735,8392,293,467,-10.74258,0.7650051265954971,719,0,0.3,5088,0,11480,0,50,6,0.7629336045256447,0,0,true,0,0,0
0,0,27.9,550,4.48351875,5.593060122595893,2408,0,0,50,0,5.589968433312571,8392,296,466,2.0323800000000003,0.7635361204544703,718,0,0.3,5088,0,11480,0,50,-23,0.7636877673052187,0,0,true,0,0,0
0,0,27.9,557,3.1082062499999994,5.5094679196675616,2370,0,0,50,0,5.498211983688465,8360,296,467,-10.74258,0.7607967903216679,717,0,0.3,5088,0,11480,0,50,26,0.7625048927994195,0,0,true,0,0,0
0,0,27.9,547,3.9333937499999996,5.419656965467665,2337,0,0,50,0,5.413318861280655,8360,296,466,-3.19374,0.7583933571974436,720,0,0.3,5088,0,11480,0,50,0,0.7614345607600888,0,0,true,0,0,0
0,0,27.9,560,2.6956124999999997,5.377495288848877,2319,0,0,50,0,5.357610992535851,8392,296,467,1.7420400000000003,0.7633306086063385,722,0,0.3,5088,0,11480,0,50,6,0.760312947684063,0,0,true,0,0,0
0,0,27.9,548,3.3557624999999995,5.302336480882433,2292,0,0,50,0,5.295514858788943,8400,296,467,-5.22612,0.7621416201194127,719,0,0.3,5088,0,11480,0,50,18,0.7637235661874682,0,0,true,0,0,0
0,0,28.3,551,2.2004999999999995,5.207312107086182,2253,0,0,50,0,5.222830521736387,8384,293,468,-4.645440000000001,0.766179213921229,718,0,0.3,5088,0,11480,0,50,-16,0.7637398849913176,0,0,true,0,0,0
0,0,28.3,551,4.180949999999999,5.154621601104736,2222,0,0,50,0,5.143313355293026,8352,293,467,-4.064760000000001,0.7599393526713053,718,0,0.3,5088,0,11480,0,50,0,0.7625450058256295,0,0,true,0,0,0
0,0,28.3,544,4.621049999999999,5.078481303320991,2198,0,0,50,0,5.073798815163677,8376,296,467,0.8710200000000001,0.7659643888473511,715,0,0.3,5088,0,11480,0,50,0,0.7614571815041117,0,0,true,0,0,0
0,0,28.3,539,4.37349375,5.010717444949679,2166,0,0,50,0,4.988532154298565,8352,296,467,-8.129520000000001,0.7602870464324951,718,0,0.3,5088,0,11480,0,50,-29,0.7622300318298866,0,0,true,0,0,0
0,0,28.3,546,1.7603999999999997,4.923597971598307,2143,0,0,50,0,4.93282448951544,8360,296,469,-4.064760000000001,0.7632070531447728,718,0,0.3,5088,0,11480,0,50,32,0.7618977892035081,0,0,true,0,0,0
0,0,28.3,549,3.3007499999999994,4.887053701612684,2125,0,0,50,0,4.887351443859881,8376,296,467,-5.22612,0.7659140974283218,719,0,0.3,5088,0,11480,0,50,8,0.7630456339911075,0,0,true,0,0,0
0,0,28.6,551,3.3007499999999994,4.808290799458821,2092,0,0,50,0,4.827917373109567,8344,296,467,-2.3227200000000003,0.7622335106134415,719,0,0.3,5088,0,11480,0,50,38,0.7630206827279282,0,0,true,0,0,0
0,0,28.6,543,2.9706749999999995,4.773165120018853,2070,0,0,50,0,4.7673039028286786,8336,296,466,-2.3227200000000003,0.7615437110265095,716,0,0.3,5088,0,11480,0,50,-2,0.7623704213725163,0,0,true,0,0,0
0,0,28.6,558,2.8881562499999998,4.742382632361518,2052,0,0,50,0,4.729210544516281,8360,296,468,2.3227200000000003,0.7628612220287323,718,0,0.3,5088,0,11480,0,50,29,0.7640737747317964,0,0,true,0,0,0
0,0,28.6,551,2.6956124999999997,4.67821889453464,2035,0,0,50,0,4.684700150280999,8352,296,468,-10.45224,0.7680269579092661,720,0,0.3,5088,0,11480,0,50,-35,0.7634787790038754,0,0,true,0,0,0
0,0,28.9,550,3.1357125,3.7445200814141164,1633,0,0,50,0,3.4497226207162086,8344,296,468,-9.00054,0.5173838386933008,487,0,0.3,5088,0,11480,0,50,-15,0.4265449492212844,0,0,true,0,0,0
0,0,28.9,546,2.2830187499999997,1.069539123111301,509,0,0,50,0,0.7316529244728168,8288,296,468,-10.161900000000001,0.06804428994655609,124,0,0.3,5088,0,11480,0,50,-32,0.014005791361251513,0,0,true,0,0,0
0,0,28.9,545,2.2004999999999995,-0.0005960464477539062,152,0,0,50,0,0.00006046928601724958,8288,296,468,-7.258500000000001,0.0002092371384302775,111,0,0.3,5088,0,11480,0,50,0,4.2372981995188355e-30,0,0,true,0,0,0
0,0,28.6,0,0.027506249999999996,-0.13223886489868164,0,0,0,50,0,-0.038429101308186844,6776,296,468,-6.6778200000000005,-0.00035514434178670246,110,0,0.3,5088,0,11480,0,50,0,7.110460217478211e-58,0,0,true,0,0,0
0,0,28.6,0,-0.027506249999999996,0.00032451417711046006,0,0,0,50,0,-0.0003364351060655382,6776,296,467,-6.968160000000001,0.00038494666417439777,106,0,0.3,5088,0,11480,0,50,0,1.9096262623209557e-86,0,0,true,0,0,0
0,0,28.9,0,-0.027506249999999996,0.0008768505520290799,0,0,0,50,0,0.00005298190646701389,6776,296,468,-6.6778200000000005,-0.000020489096641540527,109,0,0.3,5088,0,11480,0,50,0,2.7647965048433985e-116,0,0,true,0,0,0
0,0,28.9,0,0.027506249999999996,0.0005933973524305555,0,0,0,50,0,0.000021192762586805555,6776,296,468,-6.968160000000001,0.00018502275149027506,111,0,0.3,5088,0,11480,0,50,0,5.964352136832234e-144,0,0,true,0,0,0
0,0,28.9,0,0,-0.0006437301635742188,0,0,0,50,0,-0.000385443369547526,6776,296,467,-6.968160000000001,-0.000025456150372823078,108,0,0.3,5088,0,11480,0,50,0,1.797906522380623e-171,0,0,true,0,0,0
0,0,28.9,0,0.027506249999999996,-0.0012980567084418403,0,0,0,50,0,0.0003046459621853299,6776,296,467,-6.38748,0.0000260770320892334,107,0,0.3,5088,0,11480,0,50,0,2.057624133613299e-198,0,0,true,0,0,0
0,0,28.9,0,0.027506249999999996,0.0008185704549153645,0,0,0,50,0,-0.00023444493611653644,6776,296,467,-6.6778200000000005,0.000006829698880513509,111,0,0.3,5088,0,11480,0,50,0,1.073368110810432e-226,0,0,true,0,0,0
0,0,28.9,0,0,-0.0002304712931315104,0,0,0,50,0,0.0001827875773111979,6776,296,468,-6.968160000000001,0.00012045105298360188,111,0,0.3,5088,0,11480,0,50,0,2.8827000733217282e-255,0,0,true,0,0,0
0,0,28.9,0,-0.027506249999999996,0.0011841456095377603,0,0,0,50,0,-0.0011775228712293836,6776,296,468,-6.968160000000001,-0.00020116567611694336,107,0,0.3,5088,0,11480,0,50,0,1.3170707502430078e-282,0,0,true,0,0,0
0,0,28.9,0,0.027506249999999996,-0.0015086597866482204,0,0,0,50,0,-0.0007086329989963108,6776,296,467,-6.6778200000000005,0.0001434236764907837,109,0,0.3,5088,0,11480,0,50,0,6.166155e-317,0,0,true,0,0,0
0,0,28.9,0,0,0.0007457203335232205,0,0,0,50,0,-0.0017391310797797309,6768,300,468,-6.968160000000001,0.0002812594175338745,111,0,0.3,5088,0,11480,0,50,0,0,0,0,true,0,0,0
0,0,28.9,0,-0.027506249999999996,-0.00038809246487087675,0,0,0,50,0,0.00013113021850585938,6768,296,467,-7.258500000000001,-0.0002545615037282308,107,0,0.3,5088,0,11480,0,50,0,0,0,0,true,0,0,0
0,0,28.9,0,-0.027506249999999996,0.0003960397508409288,0,0,0,50,0,0.0005205472310384114,6760,296,468,-6.38748,0.0001601874828338623,108,0,0.3,5088,0,11480,0,50,0,0,0,0,true,0,0,0
0,0,28.9,0,-0.027506249999999996,-0.00043974982367621525,0,0,0,50,0,-0.0012119611104329426,6760,296,468,-6.6778200000000005,0.00013286868731180826,111,0,0.3,5088,0,11480,0,50,0,0,0,0,true,0,0,0
0,0,28.9,0,0.027506249999999996,-0.0004000133938259549,0,0,0,50,0,0.0005655818515353733,6760,296,468,-7.258500000000001,-0.0003899137179056803,108,0,0.3,5088,0,11480,0,50,0,0,0,0,true,0,0,0
0,0,28.9,0,0.027506249999999996,-0.0018331739637586805,0,0,0,50,0,-0.0007987022399902344,6760,296,468,-7.54884,-0.00011486311753590901,108,0,0.3,5088,0,11480,0,50,0,0,0,0,true,0,0,0
0,0,28.9,0,0.027506249999999996,0.00029669867621527775,0,0,0,50,0,0.00024636586507161457,6760,296,468,-7.258500000000001,-0.0001564621925354004,112,0,0.3,5088,0,11480,0,50,0,0,0,0,true,0,0,0
0,0,28.9,542,1.1002499999999997,0.3865891032748752,235,0,0,50,0,0.38423492116709423,5368,296,467,-4.93578,-0.028274953365325928,112,0,0.3,5088,0,11480,0,50,9,-0.0016363246866140377,0,0,true,0,0,0
0,0,29.3,541,0.7426687499999999,-0.0007854567633734809,153,0,0,50,0,0.05615894492379874,5104,296,467,-0.5806800000000001,-0.00023655593395233154,108,0,0.3,5088,0,11480,0,50,0,0,0,0,true,0,0,0
0,0,28.9,540,0.7426687499999999,0.0005735291375054254,151,0,0,50,0,0.00005841639385939637,5104,296,467,-0.29034000000000004,0.000044082601865132645,106,0,0.3,5088,0,11480,0,50,0,6.004341577875653e-18,0,0,true,0,0,0
0,0,28.9,0,-0.027506249999999996,0.0008026758829752604,0,0,0,50,0,0.00023709403143988716,5104,296,467,-0.8710200000000001,-0.0001471489667892456,106,0,0.3,5088,0,11480,0,50,0,3.795997643159946e-53,0,0,true,0,0,0
0,0,28.9,0,0,-0.00011920928955078125,0,0,0,50,0,-0.0005880991617838541,5104,300,467,-0.5806800000000001,0.00006705522537231445,107,0,0.3,5088,0,11480,0,50,0,3.1187669672469172e-80,0,0,true,0,0,0
0,0,28.9,0,0,0.0006662474738226996,0,0,0,50,0,0.0003258387247721354,5104,296,467,-0.5806800000000001,-0.000008071462313334147,107,0,0.3,5088,0,11480,0,50,0,3.170041134007812e-108,0,0,true,0,0,0
0,0,28.9,0,-0.027506249999999996,-0.001049041748046875,0,0,0,50,0,-0.0007642640007866754,5104,296,467,-0.5806800000000001,0.000026697913805643715,107,0,0.3,5088,0,11480,0,50,0,2.3604309180487838e-138,0,0,true,0,0,0
0,0,28.9,0,-0.027506249999999996,-0.0004145834181043837,0,0,0,50,0,-0.00042517979939778644,5096,296,467,-1.1613600000000002,-0.00016391277313232422,107,0,0.3,5088,0,11480,0,50,0,6.238341181861751e-170,0,0,true,0,0,0
0,0,28.9,0,-0.027506249999999996,-0.00007417466905381944,0,0,0,50,0,0.0009298324584960938,5104,300,467,-0.29034000000000004,-0.00008009374141693115,108,0,0.3,5088,0,11480,0,50,0,4.830051365280829e-204,0,0,true,0,0,0
0,0,28.9,0,-0.027506249999999996,0.00047286351521809894,0,0,0,50,0,-0.0010781817966037325,5104,296,467,-0.8710200000000001,0.000052774945894877114,108,0,0.3,5088,0,11480,0,50,0,3.306449543112404e-234,0,0,true,0,0,0
0,0,28.9,0,-0.027506249999999996,-0.0006318092346191406,0,0,0,50,0,-0.0002741813659667969,5096,300,467,-1.1613600000000002,-0.00004718701044718424,108,0,0.3,5088,0,11480,0,50,0,2.5834724840004416e-265,0,0,true,0,0,0
0,0,28.6,0,0.027506249999999996,0.0001205338372124566,0,0,0,50,0,0.0006993611653645833,5104,300,467,-0.5806800000000001,0.000021109978357950844,109,0,0.3,5088,0,11480,0,50,0,9.379101387186685e-295,0,0,true,0,0,0
0,0,28.9,0,0.027506249999999996,-0.00011920928955078125,0,0,0,50,0,0.0005390908983018663,5104,300,467,-0.5806800000000001,0.00022103389104207355,109,0,0.3,5088,0,11480,0,50,0,7.7e-322,0,0,true,0,0,0
0,0,28.9,0,-0.027506249999999996,-0.0013457404242621528,0,0,0,50,0,0.0015762117173936632,5104,300,467,-1.1613600000000002,0.0000980993111928304,110,0,0.3,5088,0,11480,0,50,0,0,0,0,true,0,0,0
0,0,28.6,0,-0.027506249999999996,0.0006927384270562066,0,0,0,50,0,0.00034703148735894094,5104,300,467,-1.1613600000000002,0.00008940696716308594,110,0,0.3,5088,0,11480,0,50,0,0,0,0,true,0,0,0
0,0,28.6,0,-0.027506249999999996,-0.00029537412855360244,0,0,0,50,0,0.0005006790161132812,5104,300,467,-0.8710200000000001,-0.0000658134619394938,111,0,0.3,5088,0,11480,0,50,0,0,0,0,true,0,0,0
0,0,28.6,0,-0.027506249999999996,-0.0002132521735297309,0,0,0,50,0,-0.000035762786865234375,5096,300,467,-1.1613600000000002,-0.0001701215902964274,111,0,0.3,5088,0,11480,0,50,0,0,0,0,true,0,0,0
0,0,28.6,0,0.027506249999999996,-0.0000026490953233506944,0,0,0,50,0,0.00002384185791015625,5104,300,467,-0.8710200000000001,0.00010865430037180582,111,0,0.3,5088,0,11480,0,50,0,0,0,0,true,0,0,0
0,0,28.6,0,-0.027506249999999996,0.00031126870049370657,0,0,0,50,0,0.00012450748019748263,5096,300,467,-1.4517,0.00004035731156667073,111,0,0.3,5088,0,11480,0,50,0,0,0,0,true,0,0,0
0,0,28.6,0,0.027506249999999996,0.00020398033989800347,0,0,0,50,0,-0.002182854546440972,5104,300,467,-1.1613600000000002,0.00010617077350616455,111,0,0.3,5088,0,11480,0,50,0,0,0,0,true,0,0,0
0,0,28.6,0,-0.027506249999999996,0.00043842527601453994,0,0,0,50,0,-0.00000927183363172743,5104,300,467,-1.1613600000000002,0.0001403192679087321,111,0,0.3,5088,0,11480,0,50,0,0,0,0,true,0,0,0
0,0,28.6,0,-0.027506249999999996,0.00019603305392795138,0,0,0,50,0,0.000415907965766059,5096,300,467,-1.4517,0.00018129746119181314,110,0,0.3,5088,0,11480,0,50,0,0,0,0,true,0,0,0
0,0,28.6,0,-0.027506249999999996,-0.00017219119601779513,0,0,0,50,0,-0.00034968058268229163,5104,300,467,-1.4517,0.00015584131081899005,109,0,0.3,5088,0,11480,0,50,0,0,0,0,true,0,0,0
0,0,28.6,0,0.027506249999999996,0.00012980567084418403,0,0,0,50,0,0.0007443957858615451,5096,300,467,-1.7420400000000003,0.0003110617399215698,108,0,0.3,5088,0,11480,0,50,0,0,0,0,true,0,0,0
0,0,28.6,0,-0.027506249999999996,0.0007735358344184028,0,0,0,50,0,0.000058280097113715274,5104,300,467,-1.4517,0.00008071462313334146,107,0,0.3,5088,0,11480,0,50,0,0,0,0,true,0,0,0
0,0,28.6,0,-0.027506249999999996,0.0005536609225802951,0,0,0,50,0,0.000003973642985026041,5104,300,467,-1.4517,-0.00003166496753692627,106,0,0.3,5088,0,11480,0,50,0,0,0,0,true,0,0,0
0,0,28.6,0,0.027506249999999996,0.0004980299207899305,0,0,0,50,0,0.000988112555609809,5104,300,467,-1.4517,-0.00015894571940104166,106,0,0.3,5088,0,11480,0,50,0,0,0,0,true,0,0,0
0,0,28.6,0,-0.027506249999999996,-0.0005311436123318142,0,0,0,50,0,-0.00040928522745768226,5096,300,467,-1.7420400000000003,-0.0000918904940287272,106,0,0.3,5088,0,11480,0,50,0,0,0,0,true,0,0,0
0,0,28.6,0,0,-0.0006092919243706597,0,0,0,50,0,-0.0009457270304361979,5104,300,467,-2.0323800000000003,0.00006457169850667317,107,0,0.3,5088,0,11480,0,50,0,0,0,0,true,0,0,0
0,0,28.6,0,-0.027506249999999996,-0.0007483694288465711,0,0,0,50,0,0.0001933839586046007,5104,300,467,-2.0323800000000003,-0.00007636845111846924,108,0,0.3,5088,0,11480,0,50,0,0,0,0,true,0,0,0
0,0,28.6,0,-0.027506249999999996,0.0003668997022840712,0,0,0,50,0,-0.00011391109890407986,5104,300,467,-2.0323800000000003,-0.00001738468805948893,110,0,0.3,5088,0,11480,0,50,0,0,0,0,true,0,0,0
0,0,28.3,0,0.027506249999999996,0.0008212195502387153,0,0,0,50,0,-0.000054306454128689235,5104,300,467,-2.0323800000000003,0.00016887982686360675,111,0,0.3,5088,0,11480,0,50,0,0,0,0,true,0,0,0
0,0,28.3,0,-0.027506249999999996,0.00014172659979926216,0,0,0,50,0,-0.000054306454128689235,5104,300,467,-2.3227200000000003,0.00006022552649180094,111,0,0.3,5088,0,11480,0,50,0,0,0,0,true,0,0,0
0,0,28.3,0,0.027506249999999996,-0.0010503662957085504,0,0,0,50,0,0.000770886739095052,5096,296,467,-2.3227200000000003,0.0000329067309697469,111,0,0.3,5088,0,11480,0,50,0,0,0,0,true,0,0,0
0,0,28.3,0,-0.027506249999999996,0.0006794929504394531,0,0,0,50,0,0.0007404221428765191,5104,296,467,-2.0323800000000003,-0.00006146728992462158,110,0,0.3,5088,0,11480,0,50,0,0,0,0,true,0,0,0
0,0,28.3,0,0.027506249999999996,-0.0001933839586046007,0,0,0,50,0,0.00014967388576931422,5104,300,467,-2.61306,0.00008133550484975179,108,0,0.3,5088,0,11480,0,50,0,0,0,0,true,0,0,0
0,0,28.3,0,0,-0.00014437569512261284,0,0,0,50,0,0.00013245476616753472,5104,296,467,-2.3227200000000003,0.0001707424720128377,106,0,0.3,5088,0,11480,0,50,0,0,0,0,true,0,0,0
0,0,28.3,0,-0.027506249999999996,-0.00002384185791015625,0,0,0,50,0,-0.0000026490953233506944,5096,296,467,-2.3227200000000003,-0.00031478703022003174,106,0,0.3,5088,0,11480,0,50,0,0,0,0,true,0,0,0
0,0,28.3,0,0.027506249999999996,-0.0001457002427842882,0,0,0,50,0,0.0012026892768012153,5480,296,467,-2.3227200000000003,0.0001049290100733439,106,0,0.3,5088,0,11480,0,50,0,0,0,0,true,0,0,0
0,0,28.3,0,-0.027506249999999996,0.0004476971096462673,0,0,0,50,0,0.0002132521735297309,7216,296,467,-3.4840800000000005,0.00026946266492207843,108,0,0.3,5088,0,11480,0,50,0,0,0,0,true,0,0,0
0,0,28.3,0,-0.027506249999999996,-0.00010993745591905381,0,0,0,50,0,0.00008742014567057291,7056,296,467,-3.19374,0.0000391155481338501,111,0,0.3,5088,0,11480,0,50,0,0,0,0,true,0,0,0
0,0,28.3,0,0.027506249999999996,0.00031126870049370657,0,0,0,50,0,-0.00018676122029622394,7088,296,467,-3.77442,0.00034086406230926514,111,0,0.3,5088,0,11480,0,50,0,0,0,0,true,0,0,0
0,0,28.3,0,0.027506249999999996,0.0005735291375054254,0,0,0,50,0,-0.00005563100179036458,6440,296,467,2.61306,0.06345783670743306,127,0,0.3,5088,0,11480,0,50,-2,0.06301390861523194,0,0,true,0,0,0
0,0,28.3,0,-0.13753124999999997,0.0004662407769097222,180,0,0,50,0,0,6456,296,467,-3.4840800000000005,0.03814697265625,114,0,0.3,5088,0,11480,0,50,-5,0.0030951130554219518,0,0,true,0,0,0
0,0,28.3,541,0.38508749999999997,0.000030464596218532985,152,0,0,50,0,-0.0003563033209906684,6600,296,467,-0.8710200000000001,0.00005339582761128743,111,0,0.3,5088,0,11480,0,50,0,2.4601249930017774e-13,0,0,true,0,0,0
0,0,28.3,0,0.027506249999999996,-0.00019735760158962672,0,0,0,50,0,0.00012583202785915797,6600,296,467,-2.61306,-0.000186885396639506,112,0,0.3,5088,0,11480,0,50,0,2.305342934309645e-41,0,0,true,0,0,0
0,0,28.3,0,-0.027506249999999996,-0.0008371141221788194,0,0,0,50,0,0.00011656019422743055,6592,300,467,-2.9034,0.00012665987014770508,112,0,0.3,5088,0,11480,0,50,0,2.0920548641103092e-70,0,0,true,0,0,0
0,0,28.3,0,0.027506249999999996,-0.00045696894327799476,0,0,0,50,0,0.0010132789611816406,6592,296,467,-2.61306,-0.000029802322387695312,111,0,0.3,5088,0,11480,0,50,0,1.8500775799574356e-105,0,0,true,0,0,0
0,0,28.3,0,-0.027506249999999996,0.000728501213921441,0,0,0,50,0,0.001117918226453993,6600,296,467,-2.9034,-0.0002098580201466878,108,0,0.3,5088,0,11480,0,50,0,2.7688568754097674e-134,0,0,true,0,0,0
0,0,28.3,0,-0.027506249999999996,0.00034305784437391494,0,0,0,50,0,0.0006357828776041666,6592,296,467,-3.19374,-0.00017198423544565836,107,0,0.3,5088,0,11480,0,50,0,1.373622287976722e-161,0,0,true,0,0,0
0,0,27.9,0,-0.027506249999999996,-0.000446372561984592,0,0,0,50,0,-0.0000013245476616753472,6592,296,467,-2.9034,0.00005525847276051839,107,0,0.3,5088,0,11480,0,50,0,1.4934632235112586e-187,0,0,true,0,0,0
0,0,27.9,0,-0.027506249999999996,-0.00028212865193684894,0,0,0,50,0,-0.0006768438551161024,6592,296,467,-3.19374,0.00004284083843231201,108,0,0.3,5088,0,11480,0,50,0,5.346724836842953e-220,0,0,true,0,0,0
0,0,27.9,0,-0.027506249999999996,0.00035895241631401907,0,0,0,50,0,0.000059604644775390625,6592,296,467,-3.4840800000000005,-0.00014156103134155273,111,0,0.3,5088,0,11480,0,50,0,4.3227926379055137e-250,0,0,true,0,0,0
0,0,27.9,0,-0.027506249999999996,-0.0005086263020833333,0,0,0,50,0,-0.0004781617058648003,6592,296,467,-3.19374,-0.00015025337537129718,111,0,0.3,5088,0,11480,0,50,0,4.314945884145821e-276,0,0,true,0,0,0
0,0,27.9,0,0.027506249999999996,-0.00043710072835286457,0,0,0,50,0,-0.0001761648390028212,6592,296,467,-3.19374,-0.00017757217089335123,111,0,0.3,5088,0,11480,0,50,0,5.126038715931747e-307,0,0,true,0,0,0
0,0,27.9,0,0.027506249999999996,0.0013324949476453993,0,0,0,50,0,-0.0002834531995985243,6600,296,467,-3.4840800000000005,-0.0002322097619374593,109,0,0.3,5088,0,11480,0,50,0,0,0,0,true,0,0,0
0,0,27.9,0,0.027506249999999996,0.0002410676744249132,0,0,0,50,0,-0.00024504131740993925,6592,296,467,-3.4840800000000005,0.00009685754776000977,106,0,0.3,5088,0,11480,0,50,0,0,0,0,true,0,0,0
0,0,27.9,0,0.027506249999999996,0.0005854500664605035,0,0,0,50,0,-0.0004437234666612413,6592,296,467,-3.4840800000000005,-0.000012417634328206379,106,0,0.3,5088,0,11480,0,50,0,0,0,0,true,0,0,0
0,0,27.9,0,0,0.00035895241631401907,0,0,0,50,0,-0.00038941701253255207,6592,296,467,-3.77442,-0.00003042320410410563,109,0,0.3,5088,0,11480,0,50,0,0,0,0,true,0,0,0
0,0,27.9,0,-0.027506249999999996,0.00048478444417317707,0,0,0,50,0,0.00021855036417643228,6600,296,467,-3.77442,-0.0002123415470123291,110,0,0.3,5088,0,11480,0,50,0,0,0,0,true,0,0,0
0,0,27.9,0,-0.027506249999999996,-0.000797377692328559,0,0,0,50,0,0.00020927853054470485,6600,296,467,-3.77442,0.0000490496555964152,110,0,0.3,5088,0,11480,0,50,0,0,0,0,true,0,0,0
0,0,27.9,0,0.027506249999999996,0.000045034620496961805,0,0,0,50,0,0.0008371141221788194,6592,296,468,-3.77442,0.00006395081679026285,109,0,0.3,5088,0,11480,0,50,0,0,0,0,true,0,0,0
0,0,27.9,544,2.3655375,1.658222410413954,748,0,0,50,0,1.8867508607751307,8272,296,467,-3.77442,0.00013473133246103922,107,0,0.3,5088,0,11480,0,50,-26,-0.045656663719227844,0,0,true,0,0,0
0,0,27.9,550,2.55808125,3.651395108964708,1590,0,0,50,0,3.874604951730306,8240,296,468,-2.0323800000000003,0.1690313220024109,191,0,0.3,5088,0,11480,0,50,9,0.19919879831148443,0,0,true,0,0,0
0,0,28.3,542,0.8526937499999998,0.019407272338867188,153,0,0,50,0,0.000059520549866604505,8272,296,467,-10.74258,0.2974923700094223,295,0,0.3,5088,0,11480,0,50,-22,0.22276173150880182,0,0,true,0,0,0
0,0,27.9,545,2.06296875,1.0688490337795682,526,0,0,50,0,1.4477894354902103,8272,296,468,-7.83918,0.0000490496555964152,107,0,0.3,5088,0,11480,0,50,0,0.003483966282183672,0,0,true,0,0,0
0,0,27.9,547,3.3007499999999994,3.1473067071702743,1379,0,0,50,0,3.3578190102882233,8272,300,467,-5.22612,0.13702673216660816,167,0,0.3,5088,0,11480,0,50,11,0.1689333468565475,0,0,true,0,0,0
0,0,27.9,555,2.7781312499999995,5.010794268714057,2169,0,0,50,0,5.2890853094502255,8256,300,467,-2.9034,0.28518401086330414,285,0,0.3,5088,0,11480,0,50,5,0.32715081439366334,0,0,true,0,0,0
0,0,28.3,542,1.6503749999999997,0.8595281177096896,401,0,0,50,0,0.17127999785341289,8280,300,466,-8.41986,0.3989140192667643,388,0,0.3,5088,0,11480,0,50,0,0.33081272222338487,0,0,true,0,0,0
0,0,28.3,541,1.3478062499999999,0.00020133124457465278,152,0,0,50,0,0.000052715573021809655,8296,300,468,-8.41986,0.00005339582761128743,107,0,0.3,5088,0,11480,0,50,0,5.1649104700703705e-11,0,0,true,0,0,0
0,0,27.9,0,-0.027506249999999996,-0.00051524904039171,0,0,0,50,0,0.0003788206312391493,8296,300,468,-6.38748,-0.00004035731156667073,111,0,0.3,5088,0,11480,0,50,0,1.837488153838995e-38,0,0,true,0,0,0
0,0,27.9,0,-0.027506249999999996,-0.000446372561984592,0,0,0,50,0,0.0002808041042751736,8296,300,468,-6.968160000000001,-0.000027318795522054035,108,0,0.3,5088,0,11480,0,50,0,4.6571089742897765e-74,0,0,true,0,0,0
0,0,27.9,0,-0.027506249999999996,0.0001404020521375868,0,0,0,50,0,0.0004940562778049045,8296,296,467,-6.968160000000001,0.0002781550089518229,106,0,0.3,5088,0,11480,0,50,0,9.718936830080587e-103,0,0,true,0,0,0
0,0,28.3,0,0.027506249999999996,0.00010596381293402778,0,0,0,50,0,-0.00021987491183810763,8296,300,467,-6.6778200000000005,-0.0000658134619394938,111,0,0.3,5088,0,11480,0,50,0,1.4100752593652948e-132,0,0,true,0,0,0
0,0,28.3,0,0,-0.0011324882507324219,0,0,0,50,0,0.00007152557373046875,8296,300,468,-6.968160000000001,0.000288089116414388,110,0,0.3,5088,0,11480,0,50,0,2.704455354162473e-161,0,0,true,0,0,0
0,0,28.3,0,-0.027506249999999996,0.00011258655124240452,0,0,0,50,0,0.0015404489305284289,8288,300,467,-6.968160000000001,0.00023469328880310059,106,0,0.3,5088,0,11480,0,50,0,5.3781871554289645e-189,0,0,true,0,0,0
0,0,28.3,0,0.027506249999999996,-0.00012450748019748263,0,0,0,50,0,0.0015550189548068575,8296,300,468,-6.968160000000001,-0.00019061068693796793,109,0,0.3,5088,0,11480,0,50,0,4.567899379417561e-220,0,0,true,0,0,0
0,0,28.3,0,0.027506249999999996,0.001152356465657552,0,0,0,50,0,-0.00035762786865234375,8296,300,467,-6.6778200000000005,-0.000020489096641540527,111,0,0.3,5088,0,11480,0,50,0,5.318136007255614e-249,0,0,true,0,0,0
0,0,28.3,0,0.027506249999999996,-0.00024371676974826388,0,0,0,50,0,0.0014675988091362847,8288,300,468,-7.258500000000001,0.00008630255858103433,107,0,0.3,5088,0,11480,0,50,0,7.329595128263584e-278,0,0,true,0,0,0
0,0,28.3,0,0.027506249999999996,-0.0003284878200954861,0,0,0,50,0,-0.0009735425313313801,8288,300,468,-6.968160000000001,0.00006395081679026285,109,0,0.3,5088,0,11480,0,50,0,9.783791086555782e-308,0,0,true,0,0,0
0,0,28.3,0,-0.027506249999999996,0.0005178981357150608,0,0,0,50,0,-0.00040796067979600694,8296,300,467,-6.968160000000001,-0.000032285849253336586,112,0,0.3,5088,0,11480,0,50,0,0,0,0,true,0,0,0
0,0,28.3,0,-0.027506249999999996,0.0000476837158203125,0,0,0,50,0,0.0003655751546223958,8288,300,468,-7.83918,0.0001043081283569336,109,0,0.3,5088,0,11480,0,50,0,0,0,0,true,0,0,0
0,0,28.3,0,0.027506249999999996,-0.0007748603820800781,0,0,0,50,0,-0.000021192762586805555,8296,300,468,-7.258500000000001,0.00003663202126820882,107,0,0.3,5088,0,11480,0,50,0,0,0,0,true,0,0,0
0,0,28.3,0,-0.027506249999999996,0.000011920928955078125,0,0,0,50,0,0.000770886739095052,8296,300,468,-7.258500000000001,0.0000459452470143636,111,0,0.3,5088,0,11480,0,50,0,0,0,0,true,0,0,0
0,0,28.3,0,-0.027506249999999996,0.00036160151163736976,0,0,0,50,0,0.000823868645562066,8288,300,468,-7.83918,0.00020364920298258463,109,0,0.3,5088,0,11480,0,50,0,0,0,0,true,0,0,0
0,0,28.3,0,-0.027506249999999996,-0.00041988160875108506,0,0,0,50,0,0.0002834531995985243,8288,300,467,-7.258500000000001,0.000052774945894877114,106,0,0.3,5088,0,11480,0,50,0,0,0,0,true,0,0,0
0,0,28.3,0,-0.027506249999999996,-0.0005669063991970486,0,0,0,50,0,-0.0006039937337239583,8288,300,467,-7.83918,-0.000029802322387695312,111,0,0.3,5088,0,11480,0,50,0,0,0,0,true,0,0,0
0,0,28.3,0,-0.027506249999999996,-0.00048478444417317707,0,0,0,50,0,0.0011682510375976562,8296,300,468,-7.54884,0.00014218191305796304,110,0,0.3,5088,0,11480,0,50,0,0,0,0,true,0,0,0
0,0,28.3,0,0.027506249999999996,0.0001854366726345486,0,0,0,50,0,0.00040266248914930556,8296,300,468,-7.54884,0.00004035731156667073,107,0,0.3,5088,0,11480,0,50,0,0,0,0,true,0,0,0
0,0,28.3,0,-0.027506249999999996,0.0007788340250651041,0,0,0,50,0,-0.0007152557373046875,8296,300,468,-8.129520000000001,0.00004718701044718424,111,0,0.3,5088,0,11480,0,50,0,0,0,0,true,0,0,0
0,0,28.3,0,0.027506249999999996,-0.00045299530029296875,0,0,0,50,0,-0.0008185704549153645,8288,300,468,-7.54884,-0.00011983017126719156,109,0,0.3,5088,0,11480,0,50,0,0,0,0,true,0,0,0
0,0,28.3,0,0.027506249999999996,-0.0007046593560112847,0,0,0,50,0,-0.0002781550089518229,8288,300,467,-7.83918,0.00009251137574513753,107,0,0.3,5088,0,11480,0,50,0,0,0,0,true,0,0,0
0,0,27.9,0,-0.027506249999999996,-0.00040266248914930556,0,0,0,50,0,-0.00011788474188910589,8288,300,468,-7.83918,0.00009685754776000977,111,0,0.3,5088,0,11480,0,50,0,0,0,0,true,0,0,0
0,0,28.3,0,0.027506249999999996,0.000633133782280816,0,0,0,50,0,-0.00031126870049370657,8288,300,468,-7.83918,0.00003663202126820882,109,0,0.3,5088,0,11480,0,50,0,0,0,0,true,0,0,0
0,0,28.3,0,0.027506249999999996,-0.00034968058268229163,0,0,0,50,0,0.000255637698703342,8288,300,468,-7.83918,0.00010306636492411295,107,0,0.3,5088,0,11480,0,50,0,0,0,0,true,0,0,0
0,0,28.3,0,-0.027506249999999996,0.00016424391004774306,0,0,0,50,0,-0.00047021441989474825,8288,300,468,-7.83918,-0.000024835268656412758,111,0,0.3,5088,0,11480,0,50,0,0,0,0,true,0,0,0
0,0,27.9,0,0.027506249999999996,0.00002384185791015625,0,0,0,50,0,0.0011232164171006945,8288,300,468,-7.54884,0.00007698933283487955,109,0,0.3,5088,0,11480,0,50,0,0,0,0,true,0,0,0
0,0,28.3,0,-0.027506249999999996,0.0006238619486490885,0,0,0,50,0,0.0009642706976996528,8288,300,468,-8.41986,0.00012169281641642252,109,0,0.3,5088,0,11480,0,50,0,0,0,0,true,0,0,0
0,0,27.9,0,0.027506249999999996,-0.0010715590582953559,0,0,0,50,0,0.0006887647840711805,8288,300,468,-8.41986,-0.0000918904940287272,112,0,0.3,5088,0,11480,0,50,0,0,0,0,true,0,0,0
0,0,27.9,0,0,-0.0003933906555175781,0,0,0,50,0,-0.0016358163621690539,8288,300,468,-8.41986,0.00007761021455128987,108,0,0.3,5088,0,11480,0,50,0,0,0,0,true,0,0,0
0,0,27.9,0,0,-0.05303223927815755,0,0,0,50,0,0.1264598634507921,8288,300,468,-8.129520000000001,-0.000033527612686157227,109,0,0.3,5088,0,11480,0,50,0,0,0,0,true,0,0,0
0,0,27.9,0,-0.027506249999999996,0.00051524904039171,0,0,0,50,0,-0.0018000602722167969,8288,300,468,-8.7102,0.000186885396639506,111,0,0.3,5088,0,11480,0,50,0,0,0,0,true,0,0,0
0,0,27.9,0,-0.027506249999999996,-0.0011364618937174478,0,0,0,50,0,-0.0006649229261610243,8288,300,468,-8.129520000000001,-0.0000329067309697469,106,0,0.3,5088,0,11480,0,50,0,0,0,0,true,0,0,0
0,0,27.9,0,0.027506249999999996,0.0006119410196940104,0,0,0,50,0,0.0003933906555175781,8288,300,468,-8.41986,6.20881716410319e-7,111,0,0.3,5088,0,11480,0,50,0,0,0,0,true,0,0,0
0,0,27.9,0,-0.027506249999999996,-0.0003192159864637587,0,0,0,50,0,0.00036027696397569444,8288,300,468,-8.7102,0.00023034711678822833,108,0,0.3,5088,0,11480,0,50,0,0,0,0,true,0,0,0
0,0,27.9,0,0.027506249999999996,-0.0015179316202799478,0,0,0,50,0,0.0009497006734212239,8288,300,468,-8.41986,0.00009561578432718912,108,0,0.3,5088,0,11480,0,50,0,0,0,0,true,0,0,0
0,0,27.9,0,0.027506249999999996,-0.00027947955661349825,0,0,0,50,0,-0.00019603305392795138,8288,300,468,-8.41986,-0.00042033692200978595,111,0,0.3,5088,0,11480,0,50,0,0,0,0,true,0,0,0
0,0,27.9,0,0.027506249999999996,-0.000736448499891493,0,0,0,50,0,-0.0004940562778049045,8288,300,468,-9.00054,-0.00009623666604359944,106,0,0.3,5088,0,11480,0,50,0,0,0,0,true,0,0,0
0,0,27.9,0,-0.027506249999999996,0.0009761916266547309,0,0,0,50,0,-0.0005125999450683594,8288,300,468,-9.00054,0.00008443991343180338,111,0,0.3,5088,0,11480,0,50,0,0,0,0,true,0,0,0
0,0,27.9,0,-0.027506249999999996,0.00005695554945203993,0,0,0,50,0,0.0016662809583875868,8288,300,468,-8.7102,-0.000016142924626668293,109,0,0.3,5088,0,11480,0,50,0,0,0,0,true,0,0,0
0,0,27.9,0,0.027506249999999996,0.00028477774726019963,0,0,0,50,0,-0.0006821420457628038,8288,300,468,-8.7102,-0.000029181440671284992,108,0,0.3,5088,0,11480,0,50,0,0,0,0,true,0,0,0
0,0,27.9,0,-0.027506249999999996,0.0003629260592990451,0,0,0,50,0,-0.0008000267876519097,8288,303,468,-8.7102,-0.00010058283805847168,111,0,0.3,5088,0,11480,0,50,0,0,0,0,true,0,0,0
0,0,27.9,0,-0.027506249999999996,0.000041060977511935765,0,0,0,50,0,-0.0007033348083496094,8288,303,468,-9.00054,-0.000025456150372823078,107,0,0.3,5088,0,11480,0,50,0,0,0,0,true,0,0,0
0,0,27.9,0,0.027506249999999996,-0.0012411011589898004,0,0,0,50,0,0.0000728501213921441,8288,303,468,-9.290880000000001,0.00004221995671590169,112,0,0.3,5088,0,11480,0,50,0,0,0,0,true,0,0,0
0,0,27.9,0,0.027506249999999996,0.000702010260687934,0,0,0,50,0,-0.0012424257066514757,8288,300,468,-9.00054,0.000072022279103597,109,0,0.3,5088,0,11480,0,50,0,0,0,0,true,0,0,0
0,0,27.9,0,-0.027506249999999996,0.00008609559800889756,0,0,0,50,0,-0.0005682309468587239,8288,300,468,-9.290880000000001,-0.00001862645149230957,109,0,0.3,5088,0,11480,0,50,0,0,0,0,true,0,0,0
0,0,27.9,0,-0.027506249999999996,0.0003218650817871094,0,0,0,50,0,-0.0003033214145236545,8288,303,468,-9.290880000000001,-0.00020737449328104654,111,0,0.3,5088,0,11480,0,50,0,0,0,0,true,0,0,0
0,0,27.9,0,-0.027506249999999996,-0.00029404958089192707,0,0,0,50,0,0.00009669197930230034,8288,303,468,-9.00054,0.00016887982686360675,107,0,0.3,5088,0,11480,0,50,0,0,0,0,true,0,0,0
0,0,27.9,0,0.027506249999999996,0.0008490350511338975,0,0,0,50,0,0.0008649296230740017,8288,303,468,-9.290880000000001,0.00004159907499949137,111,0,0.3,5088,0,11480,0,50,0,0,0,0,true,0,0,0
0,0,27.9,0,0.027506249999999996,0.0004318025377061632,0,0,0,50,0,0.0002702077229817708,8288,303,468,-9.58122,0.000317270557085673,107,0,0.3,5088,0,11480,0,50,0,0,0,0,true,0,0,0
0,0,27.9,0,0.027506249999999996,0.00040266248914930556,0,0,0,50,0,-0.00045431984795464407,8288,303,468,-9.87156,-0.000015522042910257973,111,0,0.3,5088,0,11480,0,50,0,0,0,0,true,0,0,0
0,0,27.9,0,0,-0.00045564439561631944,0,0,0,50,0,0.00027947955661349825,8288,303,468,-9.290880000000001,0.000049670537312825516,108,0,0.3,5088,0,11480,0,50,0,0,0,0,true,0,0,0
0,0,27.9,0,-0.027506249999999996,-0.0003788206312391493,0,0,0,50,0,-0.0004132588704427083,8288,300,468,-9.58122,0.00009064873059590657,109,0,0.3,5088,0,11480,0,50,0,0,0,0,true,0,0,0
0,0,27.9,0,-0.027506249999999996,-0.0007351239522298176,0,0,0,50,0,-0.0005880991617838541,8288,303,468,-9.58122,-0.0001701215902964274,110,0,0.3,5088,0,11480,0,50,0,0,0,0,true,0,0,0
0,0,27.9,0,-0.027506249999999996,-0.000385443369547526,0,0,0,50,0,-0.00024901496039496525,8288,303,468,-9.58122,-0.0003899137179056803,107,0,0.3,5088,0,11480,0,50,0,0,0,0,true,0,0,0
0,0,27.9,0,0.027506249999999996,-0.0014212396409776476,0,0,0,50,0,0.00045034620496961806,8288,300,468,-9.87156,0.000019247333208719887,111,0,0.3,5088,0,11480,0,50,0,0,0,0,true,0,0,0
0,0,27.9,0,0.027506249999999996,0.00028212865193684894,0,0,0,50,0,-0.00003708733452690972,8288,303,468,-9.87156,-0.000001862645149230957,107,0,0.3,5088,0,11480,0,50,0,0,0,0,true,0,0,0
0,0,27.9,0,-0.027506249999999996,-0.0000476837158203125,0,0,0,50,0,-0.0009828143649631075,8288,303,468,-9.87156,-0.000029181440671284992,112,0,0.3,5088,0,11480,0,50,0,0,0,0,true,0,0,0
0,0,27.6,0,-0.027506249999999996,0.0006702211168077256,0,0,0,50,0,0.0016080008612738715,8288,303,468,-10.161900000000001,0.00013286868731180826,108,0,0.3,5088,0,11480,0,50,0,0,0,0,true,0,0,0
0,0,27.6,0,0,0.0007099575466579861,0,0,0,50,0,-0.0007165802849663629,8288,303,468,-9.87156,-0.0002253800630569458,111,0,0.3,5088,0,11480,0,50,0,0,0,0,true,0,0,0
0,0,27.6,0,-0.027506249999999996,-0.0004039870368109809,0,0,0,50,0,-0.0010291735331217446,8288,303,468,-10.161900000000001,-0.000005587935447692871,107,0,0.3,5088,0,11480,0,50,0,0,0,0,true,0,0,0
